Designator,Mid X,Mid Y,Layer,Rotation,Ref-X(mm),Ref-Y(mm)
M1,24.029889mm,25.688145mm,Top,0.0,24.029889mm,25.688145mm
U1,37.639524mm,47.813723mm,Top,0.0,37.639524mm,47.813723mm
U2,63.499924mm,11.250013mm,Top,0.0,63.499924mm,11.250013mm
