Designator,Mid X,Mid Y,Layer,Rotation,Ref-X(mm),Ref-Y(mm)
M1,24.029889mm,25.688145mm,Top,0.0,24.029889mm,25.688145mm
U1,37.639524mm,47.813723mm,Top,0.0,37.639524mm,47.813723mm
U2,75.499924mm,10.731000mm,Top,0.0,75.499924mm,10.731000mm
