Designator,Mid X,Mid Y,Layer,Rotation
C771,46.800000000000004mm,69.1875mm,Top,270.0
C772,51.7mm,68.4875mm,Top,180.0
C773,51.7mm,69.835405mm,Top,180.0
D771,48.6mm,71.6875mm,Top,180.0
R771,42.2mm,65.4875mm,Top,180.0
R772,40.300000000000004mm,69.2875mm,Top,270.0
R773,43.900000000000006mm,67.8875mm,Top,180.0
R774,43.900000000000006mm,70.3875mm,Top,180.0
R775,48.1mm,69.1875mm,Top,270.0
R776,51.7mm,71.6375mm,Top,180.0
R777,49.6mm,69.1875mm,Top,270.0
U771,49.5mm,65.9875mm,Top,0.0
