Ref,Val,Package,PosX,PosY,Rot,Side
"M1","Module-ign8-0.2","ign8",24.029889,25.688145,0.000000,top
"U1","ISL9V3040D3ST-F085C","JLC_DPAK_L6.5-W6.0-P2.29-LS9.9-TL",37.639524,47.813723,0.000000,top
"U2","5007620481","CONN-TH_5007620481",75.499924,10.731000,0.000000,top
