#VRML V2.0 utf8
DEF TXFM_1 Transform {
  center 0 0 0
  rotation 0 0 1 0
  scale 2.54 2.54 2.54
  scaleOrientation 0 0 1 0
  translation 0 0 0
 children [
DEF TXFM_2 Transform {
  center 0 0 0
  rotation 0 0 1 0
  scale 1 1 1
  scaleOrientation 0 0 1 0
  translation 0 0 0
 children [
DEF SHAPE_1 Shape {
 appearance DEF APP_1 Appearance {
  material Material {
   ambientIntensity 1
   diffuseColor 0 0 0
   emissiveColor 0 0 0
   shininess 0.0099999998
   specularColor 0.1 0.1 0.1
   transparency 0
} }
 geometry DEF FACE_1 IndexedFaceSet {
  coord DEF COORD_1 Coordinate { point [
  21.001969 28.735236 0.31003937,21.006614 28.758589 0.31003937,
  21.019842 28.778386 0.31003937,21.039639 28.791615 0.31003937,
  21.062992 28.79626 0.31003937,21.086345 28.791615 0.31003937,
  21.106142 28.778386 0.31003937,21.119371 28.758589 0.31003937,
  21.124016 28.735236 0.31003937,21.119371 28.711883 0.31003937,
  21.106142 28.692086 0.31003937,21.086345 28.678858 0.31003937,
  21.062992 28.674213 0.31003937,21.039639 28.678858 0.31003937,
  21.019842 28.692086 0.31003937,21.006614 28.711883 0.31003937,
  21.001969 28.262795 0.31003937,21.006614 28.286148 0.31003937,
  21.019842 28.305945 0.31003937,21.039639 28.319174 0.31003937,
  21.062992 28.323819 0.31003937,21.086345 28.319174 0.31003937,
  21.106142 28.305945 0.31003937,21.119371 28.286148 0.31003937,
  21.124016 28.262795 0.31003937,21.119371 28.239443 0.31003937,
  21.106142 28.219645 0.31003937,21.086345 28.206417 0.31003937,
  21.062992 28.201772 0.31003937,21.039639 28.206417 0.31003937,
  21.019842 28.219645 0.31003937,21.006614 28.239443 0.31003937,
  21.001969 27.790354 0.31003937,21.006614 27.813707 0.31003937,
  21.019842 27.833505 0.31003937,21.039639 27.846733 0.31003937,
  21.062992 27.851378 0.31003937,21.086345 27.846733 0.31003937,
  21.106142 27.833505 0.31003937,21.119371 27.813707 0.31003937,
  21.124016 27.790354 0.31003937,21.119371 27.767002 0.31003937,
  21.106142 27.747204 0.31003937,21.086345 27.733976 0.31003937,
  21.062992 27.729331 0.31003937,21.039639 27.733976 0.31003937,
  21.019842 27.747204 0.31003937,21.006614 27.767002 0.31003937,
  21.001969 27.317913 0.31003937,21.006614 27.341266 0.31003937,
  21.019842 27.361064 0.31003937,21.039639 27.374292 0.31003937,
  21.062992 27.378937 0.31003937,21.086345 27.374292 0.31003937,
  21.106142 27.361064 0.31003937,21.119371 27.341266 0.31003937,
  21.124016 27.317913 0.31003937,21.119371 27.294561 0.31003937,
  21.106142 27.274763 0.31003937,21.086345 27.261535 0.31003937,
  21.062992 27.25689 0.31003937,21.039639 27.261535 0.31003937,
  21.019842 27.274763 0.31003937,21.006614 27.294561 0.31003937,
  15.322835 26.191929 0.31003937,15.32748 26.215282 0.31003937,
  15.340708 26.235079 0.31003937,15.360506 26.248308 0.31003937,
  15.383858 26.252953 0.31003937,15.407211 26.248308 0.31003937,
  15.427008 26.235079 0.31003937,15.440237 26.215282 0.31003937,
  15.444882 26.191929 0.31003937,15.440237 26.168576 0.31003937,
  15.427008 26.148779 0.31003937,15.407211 26.135551 0.31003937,
  15.383858 26.130906 0.31003937,15.360506 26.135551 0.31003937,
  15.340708 26.148779 0.31003937,15.32748 26.168576 0.31003937,
  1.9685039 43.543307 0.31003937,1.882598 43.54237 0.31003937,
  1.7114402 43.527396 0.31003937,1.5422386 43.497561 0.31003937,
  1.3762815 43.453093 0.31003937,1.2148311 43.39433 0.31003937,
  1.0591169 43.321719 0.31003937,0.91032362 43.235813 0.31003937,
  0.76958386 43.137266 0.31003937,0.6379685 43.026828 0.31003937,
  0.51647913 42.905339 0.31003937,0.40604094 42.773723 0.31003937,
  0.3074937 42.632983 0.31003937,0.2215878 42.48419 0.31003937,
  0.14897717 42.328476 0.31003937,0.090214173 42.167026 0.31003937,
  0.045746063 42.001069 0.31003937,0.015911417 41.831867 0.31003937,
  0.00093700787 41.660709 0.31003937,0 41.574803 0.31003937,
  0 1.9685039 0.31003937,0.00093700787 1.882598 0.31003937,
  0.015911417 1.7114402 0.31003937,0.045746063 1.5422386 0.31003937,
  0.090214173 1.3762815 0.31003937,0.14897717 1.2148311 0.31003937,
  0.2215878 1.0591169 0.31003937,0.3074937 0.91032362 0.31003937,
  0.40604094 0.76958386 0.31003937,0.51647913 0.6379685 0.31003937,
  0.6379685 0.51647913 0.31003937,0.76958386 0.40604094 0.31003937,
  0.91032362 0.3074937 0.31003937,1.0591169 0.2215878 0.31003937,
  1.2148311 0.14897717 0.31003937,1.3762815 0.090214173 0.31003937,
  1.5422386 0.045746063 0.31003937,1.7114402 0.015911417 0.31003937,
  1.882598 0.00093700787 0.31003937,1.9685039 0 0.31003937,
  48.425197 0 0.31003937,48.511103 0.00093700787 0.31003937,
  48.682261 0.015911417 0.31003937,48.851462 0.045746063 0.31003937,
  49.017419 0.090214173 0.31003937,49.17887 0.14897717 0.31003937,
  49.334584 0.2215878 0.31003937,49.483377 0.3074937 0.31003937,
  49.624117 0.40604094 0.31003937,49.755732 0.51647913 0.31003937,
  49.877222 0.6379685 0.31003937,49.98766 0.76958386 0.31003937,
  50.086207 0.91032362 0.31003937,50.172113 1.0591169 0.31003937,
  50.244724 1.2148311 0.31003937,50.303487 1.3762815 0.31003937,
  50.347955 1.5422386 0.31003937,50.377789 1.7114402 0.31003937,
  50.392764 1.882598 0.31003937,50.393701 1.9685039 0.31003937,
  50.393701 41.574803 0.31003937,50.392764 41.660709 0.31003937,
  50.377789 41.831867 0.31003937,50.347955 42.001069 0.31003937,
  50.303487 42.167026 0.31003937,50.244724 42.328476 0.31003937,
  50.172113 42.48419 0.31003937,50.086207 42.632983 0.31003937,
  49.98766 42.773723 0.31003937,49.877222 42.905339 0.31003937,
  49.755732 43.026828 0.31003937,49.624117 43.137266 0.31003937,
  49.483377 43.235813 0.31003937,49.334584 43.321719 0.31003937,
  49.17887 43.39433 0.31003937,49.017419 43.453093 0.31003937,
  48.851462 43.497561 0.31003937,48.682261 43.527396 0.31003937,
  48.511103 43.54237 0.31003937,48.425197 43.543307 0.31003937,
  15.322835 25.798228 0.31003937,15.32748 25.821581 0.31003937,
  15.340708 25.841379 0.31003937,15.360506 25.854607 0.31003937,
  15.383858 25.859252 0.31003937,15.407211 25.854607 0.31003937,
  15.427008 25.841379 0.31003937,15.440237 25.821581 0.31003937,
  15.444882 25.798228 0.31003937,15.440237 25.774876 0.31003937,
  15.427008 25.755078 0.31003937,15.407211 25.74185 0.31003937,
  15.383858 25.737205 0.31003937,15.360506 25.74185 0.31003937,
  15.340708 25.755078 0.31003937,15.32748 25.774876 0.31003937,
  21.001969 28.735236 -0.31003937,21.006614 28.758589 -0.31003937,
  21.019842 28.778386 -0.31003937,21.039639 28.791615 -0.31003937,
  21.062992 28.79626 -0.31003937,21.086345 28.791615 -0.31003937,
  21.106142 28.778386 -0.31003937,21.119371 28.758589 -0.31003937,
  21.124016 28.735236 -0.31003937,21.119371 28.711883 -0.31003937,
  21.106142 28.692086 -0.31003937,21.086345 28.678858 -0.31003937,
  21.062992 28.674213 -0.31003937,21.039639 28.678858 -0.31003937,
  21.019842 28.692086 -0.31003937,21.006614 28.711883 -0.31003937,
  21.001969 28.262795 -0.31003937,21.006614 28.286148 -0.31003937,
  21.019842 28.305945 -0.31003937,21.039639 28.319174 -0.31003937,
  21.062992 28.323819 -0.31003937,21.086345 28.319174 -0.31003937,
  21.106142 28.305945 -0.31003937,21.119371 28.286148 -0.31003937,
  21.124016 28.262795 -0.31003937,21.119371 28.239443 -0.31003937,
  21.106142 28.219645 -0.31003937,21.086345 28.206417 -0.31003937,
  21.062992 28.201772 -0.31003937,21.039639 28.206417 -0.31003937,
  21.019842 28.219645 -0.31003937,21.006614 28.239443 -0.31003937,
  21.001969 27.790354 -0.31003937,21.006614 27.813707 -0.31003937,
  21.019842 27.833505 -0.31003937,21.039639 27.846733 -0.31003937,
  21.062992 27.851378 -0.31003937,21.086345 27.846733 -0.31003937,
  21.106142 27.833505 -0.31003937,21.119371 27.813707 -0.31003937,
  21.124016 27.790354 -0.31003937,21.119371 27.767002 -0.31003937,
  21.106142 27.747204 -0.31003937,21.086345 27.733976 -0.31003937,
  21.062992 27.729331 -0.31003937,21.039639 27.733976 -0.31003937,
  21.019842 27.747204 -0.31003937,21.006614 27.767002 -0.31003937,
  21.001969 27.317913 -0.31003937,21.006614 27.341266 -0.31003937,
  21.019842 27.361064 -0.31003937,21.039639 27.374292 -0.31003937,
  21.062992 27.378937 -0.31003937,21.086345 27.374292 -0.31003937,
  21.106142 27.361064 -0.31003937,21.119371 27.341266 -0.31003937,
  21.124016 27.317913 -0.31003937,21.119371 27.294561 -0.31003937,
  21.106142 27.274763 -0.31003937,21.086345 27.261535 -0.31003937,
  21.062992 27.25689 -0.31003937,21.039639 27.261535 -0.31003937,
  21.019842 27.274763 -0.31003937,21.006614 27.294561 -0.31003937,
  15.322835 26.191929 -0.31003937,15.32748 26.215282 -0.31003937,
  15.340708 26.235079 -0.31003937,15.360506 26.248308 -0.31003937,
  15.383858 26.252953 -0.31003937,15.407211 26.248308 -0.31003937,
  15.427008 26.235079 -0.31003937,15.440237 26.215282 -0.31003937,
  15.444882 26.191929 -0.31003937,15.440237 26.168576 -0.31003937,
  15.427008 26.148779 -0.31003937,15.407211 26.135551 -0.31003937,
  15.383858 26.130906 -0.31003937,15.360506 26.135551 -0.31003937,
  15.340708 26.148779 -0.31003937,15.32748 26.168576 -0.31003937,
  1.9685039 43.543307 -0.31003937,1.882598 43.54237 -0.31003937,
  1.7114402 43.527396 -0.31003937,1.5422386 43.497561 -0.31003937,
  1.3762815 43.453093 -0.31003937,1.2148311 43.39433 -0.31003937,
  1.0591169 43.321719 -0.31003937,0.91032362 43.235813 -0.31003937,
  0.76958386 43.137266 -0.31003937,0.6379685 43.026828 -0.31003937,
  0.51647913 42.905339 -0.31003937,0.40604094 42.773723 -0.31003937,
  0.3074937 42.632983 -0.31003937,0.2215878 42.48419 -0.31003937,
  0.14897717 42.328476 -0.31003937,0.090214173 42.167026 -0.31003937,
  0.045746063 42.001069 -0.31003937,0.015911417 41.831867 -0.31003937,
  0.00093700787 41.660709 -0.31003937,0 41.574803 -0.31003937,
  0 1.9685039 -0.31003937,0.00093700787 1.882598 -0.31003937,
  0.015911417 1.7114402 -0.31003937,0.045746063 1.5422386 -0.31003937,
  0.090214173 1.3762815 -0.31003937,0.14897717 1.2148311 -0.31003937,
  0.2215878 1.0591169 -0.31003937,0.3074937 0.91032362 -0.31003937,
  0.40604094 0.76958386 -0.31003937,0.51647913 0.6379685 -0.31003937,
  0.6379685 0.51647913 -0.31003937,0.76958386 0.40604094 -0.31003937,
  0.91032362 0.3074937 -0.31003937,1.0591169 0.2215878 -0.31003937,
  1.2148311 0.14897717 -0.31003937,1.3762815 0.090214173 -0.31003937,
  1.5422386 0.045746063 -0.31003937,1.7114402 0.015911417 -0.31003937,
  1.882598 0.00093700787 -0.31003937,1.9685039 0 -0.31003937,
  48.425197 0 -0.31003937,48.511103 0.00093700787 -0.31003937,
  48.682261 0.015911417 -0.31003937,48.851462 0.045746063 -0.31003937,
  49.017419 0.090214173 -0.31003937,49.17887 0.14897717 -0.31003937,
  49.334584 0.2215878 -0.31003937,49.483377 0.3074937 -0.31003937,
  49.624117 0.40604094 -0.31003937,49.755732 0.51647913 -0.31003937,
  49.877222 0.6379685 -0.31003937,49.98766 0.76958386 -0.31003937,
  50.086207 0.91032362 -0.31003937,50.172113 1.0591169 -0.31003937,
  50.244724 1.2148311 -0.31003937,50.303487 1.3762815 -0.31003937,
  50.347955 1.5422386 -0.31003937,50.377789 1.7114402 -0.31003937,
  50.392764 1.882598 -0.31003937,50.393701 1.9685039 -0.31003937,
  50.393701 41.574803 -0.31003937,50.392764 41.660709 -0.31003937,
  50.377789 41.831867 -0.31003937,50.347955 42.001069 -0.31003937,
  50.303487 42.167026 -0.31003937,50.244724 42.328476 -0.31003937,
  50.172113 42.48419 -0.31003937,50.086207 42.632983 -0.31003937,
  49.98766 42.773723 -0.31003937,49.877222 42.905339 -0.31003937,
  49.755732 43.026828 -0.31003937,49.624117 43.137266 -0.31003937,
  49.483377 43.235813 -0.31003937,49.334584 43.321719 -0.31003937,
  49.17887 43.39433 -0.31003937,49.017419 43.453093 -0.31003937,
  48.851462 43.497561 -0.31003937,48.682261 43.527396 -0.31003937,
  48.511103 43.54237 -0.31003937,48.425197 43.543307 -0.31003937,
  15.322835 25.798228 -0.31003937,15.32748 25.821581 -0.31003937,
  15.340708 25.841379 -0.31003937,15.360506 25.854607 -0.31003937,
  15.383858 25.859252 -0.31003937,15.407211 25.854607 -0.31003937,
  15.427008 25.841379 -0.31003937,15.440237 25.821581 -0.31003937,
  15.444882 25.798228 -0.31003937,15.440237 25.774876 -0.31003937,
  15.427008 25.755078 -0.31003937,15.407211 25.74185 -0.31003937,
  15.383858 25.737205 -0.31003937,15.360506 25.74185 -0.31003937,
  15.340708 25.755078 -0.31003937,15.32748 25.774876 -0.31003937] }
 coordIndex [
  61,62,120,-1,120,62,72,-1,120,72,168,-1,168,72,73,-1,168,73,167,-1,167,73,74,-1,167,74,166,-1,166,74,75,-1,
  166,75,165,-1,165,75,76,-1,165,76,164,-1,164,76,77,-1,164,77,163,-1,163,77,78,-1,163,78,162,-1,162,78,79,-1,
  162,79,161,-1,161,79,64,-1,161,64,160,-1,160,64,80,-1,160,80,175,-1,175,80,174,-1,1,72,0,-1,0,72,48,-1,
  0,48,32,-1,32,48,49,-1,32,49,47,-1,47,49,50,-1,47,50,46,-1,46,50,51,-1,46,51,45,-1,45,51,52,-1,
  45,52,44,-1,44,52,53,-1,44,53,43,-1,43,53,54,-1,43,54,42,-1,42,54,55,-1,42,55,41,-1,41,55,56,-1,
  41,56,40,-1,40,56,120,-1,40,120,24,-1,24,120,8,-1,24,8,9,-1,0,32,16,-1,16,32,33,-1,16,33,31,-1,
  31,33,34,-1,31,34,30,-1,30,34,35,-1,30,35,29,-1,29,35,36,-1,29,36,28,-1,28,36,37,-1,28,37,27,-1,
  27,37,38,-1,27,38,26,-1,26,38,39,-1,26,39,25,-1,25,39,40,-1,25,40,24,-1,24,9,23,-1,23,9,10,-1,
  23,10,22,-1,22,10,11,-1,22,11,21,-1,21,11,12,-1,21,12,20,-1,20,12,13,-1,20,13,19,-1,19,13,14,-1,
  19,14,18,-1,18,14,15,-1,18,15,17,-1,17,15,0,-1,17,0,16,-1,8,120,159,-1,159,120,121,-1,159,121,158,-1,
  158,121,122,-1,158,122,157,-1,157,122,123,-1,157,123,156,-1,156,123,124,-1,156,124,155,-1,155,124,125,-1,155,125,154,-1,
  154,125,126,-1,154,126,153,-1,153,126,127,-1,153,127,152,-1,152,127,128,-1,152,128,151,-1,151,128,129,-1,151,129,150,-1,
  150,129,130,-1,150,130,149,-1,149,130,131,-1,149,131,148,-1,148,131,132,-1,148,132,147,-1,147,132,133,-1,147,133,146,-1,
  146,133,134,-1,146,134,145,-1,145,134,135,-1,145,135,144,-1,144,135,136,-1,144,136,143,-1,143,136,137,-1,143,137,142,-1,
  142,137,138,-1,142,138,141,-1,141,138,139,-1,141,139,140,-1,159,80,67,-1,159,67,68,-1,159,68,69,-1,159,69,70,-1,
  159,70,71,-1,159,71,72,-1,159,72,3,-1,159,3,4,-1,159,4,5,-1,159,5,6,-1,159,6,7,-1,159,7,8,-1,
  2,3,72,-1,2,72,1,-1,80,64,65,-1,80,65,66,-1,80,66,67,-1,120,56,57,-1,120,57,58,-1,120,58,59,-1,
  120,59,60,-1,120,60,61,-1,72,62,63,-1,72,63,48,-1,120,168,169,-1,120,169,170,-1,120,170,171,-1,120,171,172,-1,
  120,172,173,-1,120,173,174,-1,120,174,119,-1,174,80,119,-1,119,80,81,-1,119,81,118,-1,118,81,82,-1,118,82,117,-1,
  117,82,83,-1,117,83,116,-1,116,83,84,-1,116,84,115,-1,115,84,85,-1,115,85,114,-1,114,85,86,-1,114,86,113,-1,
  113,86,87,-1,113,87,112,-1,112,87,88,-1,112,88,111,-1,111,88,89,-1,111,89,110,-1,110,89,90,-1,110,90,109,-1,
  109,90,91,-1,109,91,108,-1,108,91,92,-1,108,92,107,-1,107,92,93,-1,107,93,106,-1,106,93,94,-1,106,94,105,-1,
  105,94,95,-1,105,95,104,-1,104,95,96,-1,104,96,103,-1,103,96,97,-1,103,97,102,-1,102,97,98,-1,102,98,101,-1,
  101,98,99,-1,101,99,100,-1,238,237,296,-1,238,296,248,-1,248,296,344,-1,248,344,249,-1,249,344,343,-1,249,343,250,-1,
  250,343,342,-1,250,342,251,-1,251,342,341,-1,251,341,252,-1,252,341,340,-1,252,340,253,-1,253,340,339,-1,253,339,254,-1,
  254,339,338,-1,254,338,255,-1,255,338,337,-1,255,337,240,-1,240,337,336,-1,240,336,256,-1,256,336,351,-1,256,351,350,-1,
  248,177,176,-1,248,176,224,-1,224,176,208,-1,224,208,225,-1,225,208,223,-1,225,223,226,-1,226,223,222,-1,226,222,227,-1,
  227,222,221,-1,227,221,228,-1,228,221,220,-1,228,220,229,-1,229,220,219,-1,229,219,230,-1,230,219,218,-1,230,218,231,-1,
  231,218,217,-1,231,217,232,-1,232,217,216,-1,232,216,296,-1,296,216,200,-1,296,200,184,-1,184,200,185,-1,208,176,192,-1,
  208,192,209,-1,209,192,207,-1,209,207,210,-1,210,207,206,-1,210,206,211,-1,211,206,205,-1,211,205,212,-1,212,205,204,-1,
  212,204,213,-1,213,204,203,-1,213,203,214,-1,214,203,202,-1,214,202,215,-1,215,202,201,-1,215,201,216,-1,216,201,200,-1,
  185,200,199,-1,185,199,186,-1,186,199,198,-1,186,198,187,-1,187,198,197,-1,187,197,188,-1,188,197,196,-1,188,196,189,-1,
  189,196,195,-1,189,195,190,-1,190,195,194,-1,190,194,191,-1,191,194,193,-1,191,193,176,-1,176,193,192,-1,296,184,335,-1,
  296,335,297,-1,297,335,334,-1,297,334,298,-1,298,334,333,-1,298,333,299,-1,299,333,332,-1,299,332,300,-1,300,332,331,-1,
  300,331,301,-1,301,331,330,-1,301,330,302,-1,302,330,329,-1,302,329,303,-1,303,329,328,-1,303,328,304,-1,304,328,327,-1,
  304,327,305,-1,305,327,326,-1,305,326,306,-1,306,326,325,-1,306,325,307,-1,307,325,324,-1,307,324,308,-1,308,324,323,-1,
  308,323,309,-1,309,323,322,-1,309,322,310,-1,310,322,321,-1,310,321,311,-1,311,321,320,-1,311,320,312,-1,312,320,319,-1,
  312,319,313,-1,313,319,318,-1,313,318,314,-1,314,318,317,-1,314,317,315,-1,315,317,316,-1,256,335,243,-1,243,335,244,-1,
  244,335,245,-1,245,335,246,-1,246,335,247,-1,247,335,248,-1,248,335,179,-1,179,335,180,-1,180,335,181,-1,181,335,182,-1,
  182,335,183,-1,183,335,184,-1,179,178,248,-1,248,178,177,-1,240,256,241,-1,241,256,242,-1,242,256,243,-1,232,296,233,-1,
  233,296,234,-1,234,296,235,-1,235,296,236,-1,236,296,237,-1,238,248,239,-1,239,248,224,-1,344,296,345,-1,345,296,346,-1,
  346,296,347,-1,347,296,348,-1,348,296,349,-1,349,296,350,-1,350,296,295,-1,256,350,295,-1,256,295,257,-1,257,295,294,-1,
  257,294,258,-1,258,294,293,-1,258,293,259,-1,259,293,292,-1,259,292,260,-1,260,292,291,-1,260,291,261,-1,261,291,290,-1,
  261,290,262,-1,262,290,289,-1,262,289,263,-1,263,289,288,-1,263,288,264,-1,264,288,287,-1,264,287,265,-1,265,287,286,-1,
  265,286,266,-1,266,286,285,-1,266,285,267,-1,267,285,284,-1,267,284,268,-1,268,284,283,-1,268,283,269,-1,269,283,282,-1,
  269,282,270,-1,270,282,281,-1,270,281,271,-1,271,281,280,-1,271,280,272,-1,272,280,279,-1,272,279,273,-1,273,279,278,-1,
  273,278,274,-1,274,278,277,-1,274,277,275,-1,275,277,276,-1]
  normalPerVertex TRUE
  normal DEF NORM_1 Normal { vector [
  0 0 1,0 0 1,
  0 0 1,0 0 1,
  0 0 1,0 0 1,
  0 0 1,0 0 1,
  0 0 1,0 0 1,
  0 0 1,0 0 1,
  0 0 1,0 0 1,
  0 0 1,0 0 1,
  0 0 1,0 0 1,
  0 0 1,0 0 1,
  0 0 1,0 0 1,
  0 0 1,0 0 1,
  0 0 1,0 0 1,
  0 0 1,0 0 1,
  0 0 1,0 0 1,
  0 0 1,0 0 1,
  0 0 1,0 0 1,
  0 0 1,0 0 1,
  0 0 1,0 0 1,
  0 0 1,0 0 1,
  0 0 1,0 0 1,
  0 0 1,0 0 1,
  0 0 1,0 0 1,
  0 0 1,0 0 1,
  0 0 1,0 0 1,
  0 0 1,0 0 1,
  0 0 1,0 0 1,
  0 0 1,0 0 1,
  0 0 1,0 0 1,
  0 0 1,0 0 1,
  0 0 1,0 0 1,
  0 0 1,0 0 1,
  0 0 1,0 0 1,
  0 0 1,0 0 1,
  0 0 1,0 0 1,
  0 0 1,0 0 1,
  0 0 1,0 0 1,
  0 0 1,0 0 1,
  0 0 1,0 0 1,
  0 0 1,0 0 1,
  0 0 1,0 0 1,
  0 0 1,0 0 1,
  0 0 1,0 0 1,
  0 0 1,0 0 1,
  0 0 1,0 0 1,
  0 0 1,0 0 1,
  0 0 1,0 0 1,
  0 0 1,0 0 1,
  0 0 1,0 0 1,
  0 0 1,0 0 1,
  0 0 1,0 0 1,
  0 0 1,0 0 1,
  0 0 1,0 0 1,
  0 0 1,0 0 1,
  0 0 1,0 0 1,
  0 0 1,0 0 1,
  0 0 1,0 0 1,
  0 0 1,0 0 1,
  0 0 1,0 0 1,
  0 0 1,0 0 1,
  0 0 1,0 0 1,
  0 0 1,0 0 1,
  0 0 1,0 0 1,
  0 0 1,0 0 1,
  0 0 1,0 0 1,
  0 0 1,0 0 1,
  0 0 1,0 0 1,
  0 0 1,0 0 1,
  0 0 1,0 0 1,
  0 0 1,0 0 1,
  0 0 1,0 0 1,
  0 0 1,0 0 1,
  0 0 1,0 0 1,
  0 0 1,0 0 1,
  0 0 1,0 0 1,
  0 0 1,0 0 1,
  0 0 1,0 0 1,
  0 0 1,0 0 1,
  0 0 1,0 0 1,
  0 0 1,0 0 1,
  0 0 1,0 0 1,
  0 0 1,0 0 1,
  0 0 1,0 0 1,
  0 0 1,0 0 1,
  0 0 1,0 0 1,
  0 0 1,0 0 1,
  0 0 1,0 0 1,
  0 0 1,0 0 1,
  0 0 -1,0 0 -1,
  0 0 -1,0 0 -1,
  0 0 -1,0 0 -1,
  0 0 -1,0 0 -1,
  0 0 -1,0 0 -1,
  0 0 -1,0 0 -1,
  0 0 -1,0 0 -1,
  0 0 -1,0 0 -1,
  0 0 -1,0 0 -1,
  0 0 -1,0 0 -1,
  0 0 -1,0 0 -1,
  0 0 -1,0 0 -1,
  0 0 -1,0 0 -1,
  0 0 -1,0 0 -1,
  0 0 -1,0 0 -1,
  0 0 -1,0 0 -1,
  0 0 -1,0 0 -1,
  0 0 -1,0 0 -1,
  0 0 -1,0 0 -1,
  0 0 -1,0 0 -1,
  0 0 -1,0 0 -1,
  0 0 -1,0 0 -1,
  0 0 -1,0 0 -1,
  0 0 -1,0 0 -1,
  0 0 -1,0 0 -1,
  0 0 -1,0 0 -1,
  0 0 -1,0 0 -1,
  0 0 -1,0 0 -1,
  0 0 -1,0 0 -1,
  0 0 -1,0 0 -1,
  0 0 -1,0 0 -1,
  0 0 -1,0 0 -1,
  0 0 -1,0 0 -1,
  0 0 -1,0 0 -1,
  0 0 -1,0 0 -1,
  0 0 -1,0 0 -1,
  0 0 -1,0 0 -1,
  0 0 -1,0 0 -1,
  0 0 -1,0 0 -1,
  0 0 -1,0 0 -1,
  0 0 -1,0 0 -1,
  0 0 -1,0 0 -1,
  0 0 -1,0 0 -1,
  0 0 -1,0 0 -1,
  0 0 -1,0 0 -1,
  0 0 -1,0 0 -1,
  0 0 -1,0 0 -1,
  0 0 -1,0 0 -1,
  0 0 -1,0 0 -1,
  0 0 -1,0 0 -1,
  0 0 -1,0 0 -1,
  0 0 -1,0 0 -1,
  0 0 -1,0 0 -1,
  0 0 -1,0 0 -1,
  0 0 -1,0 0 -1,
  0 0 -1,0 0 -1,
  0 0 -1,0 0 -1,
  0 0 -1,0 0 -1,
  0 0 -1,0 0 -1,
  0 0 -1,0 0 -1,
  0 0 -1,0 0 -1,
  0 0 -1,0 0 -1,
  0 0 -1,0 0 -1,
  0 0 -1,0 0 -1,
  0 0 -1,0 0 -1,
  0 0 -1,0 0 -1,
  0 0 -1,0 0 -1,
  0 0 -1,0 0 -1,
  0 0 -1,0 0 -1,
  0 0 -1,0 0 -1,
  0 0 -1,0 0 -1,
  0 0 -1,0 0 -1,
  0 0 -1,0 0 -1,
  0 0 -1,0 0 -1,
  0 0 -1,0 0 -1,
  0 0 -1,0 0 -1,
  0 0 -1,0 0 -1,
  0 0 -1,0 0 -1,
  0 0 -1,0 0 -1,
  0 0 -1,0 0 -1,
  0 0 -1,0 0 -1,
  0 0 -1,0 0 -1,
  0 0 -1,0 0 -1,
  0 0 -1,0 0 -1,
  0 0 -1,0 0 -1,
  0 0 -1,0 0 -1,
  0 0 -1,0 0 -1,
  0 0 -1,0 0 -1] }
}
}
DEF SHAPE_2 Shape {
 appearance USE APP_1
 geometry DEF FACE_2 IndexedFaceSet {
  coord DEF COORD_2 Coordinate { point [
  21.006614 28.758589 0.31003937,21.001969 28.735236 0.31003937,
  21.006614 28.758589 -0.31003937,21.006614 28.758589 -0.31003937,
  21.001969 28.735236 0.31003937,21.001969 28.735236 -0.31003937,
  21.019842 28.778386 0.31003937,21.006614 28.758589 0.31003937,
  21.019842 28.778386 -0.31003937,21.019842 28.778386 -0.31003937,
  21.006614 28.758589 0.31003937,21.006614 28.758589 -0.31003937,
  21.039639 28.791615 0.31003937,21.019842 28.778386 0.31003937,
  21.039639 28.791615 -0.31003937,21.039639 28.791615 -0.31003937,
  21.019842 28.778386 0.31003937,21.019842 28.778386 -0.31003937,
  21.062992 28.79626 0.31003937,21.039639 28.791615 0.31003937,
  21.062992 28.79626 -0.31003937,21.062992 28.79626 -0.31003937,
  21.039639 28.791615 0.31003937,21.039639 28.791615 -0.31003937,
  21.086345 28.791615 0.31003937,21.062992 28.79626 0.31003937,
  21.086345 28.791615 -0.31003937,21.086345 28.791615 -0.31003937,
  21.062992 28.79626 0.31003937,21.062992 28.79626 -0.31003937,
  21.106142 28.778386 0.31003937,21.086345 28.791615 0.31003937,
  21.106142 28.778386 -0.31003937,21.106142 28.778386 -0.31003937,
  21.086345 28.791615 0.31003937,21.086345 28.791615 -0.31003937,
  21.119371 28.758589 0.31003937,21.106142 28.778386 0.31003937,
  21.119371 28.758589 -0.31003937,21.119371 28.758589 -0.31003937,
  21.106142 28.778386 0.31003937,21.106142 28.778386 -0.31003937,
  21.124016 28.735236 0.31003937,21.119371 28.758589 0.31003937,
  21.124016 28.735236 -0.31003937,21.124016 28.735236 -0.31003937,
  21.119371 28.758589 0.31003937,21.119371 28.758589 -0.31003937,
  21.119371 28.711883 0.31003937,21.124016 28.735236 0.31003937,
  21.119371 28.711883 -0.31003937,21.119371 28.711883 -0.31003937,
  21.124016 28.735236 0.31003937,21.124016 28.735236 -0.31003937,
  21.106142 28.692086 0.31003937,21.119371 28.711883 0.31003937,
  21.106142 28.692086 -0.31003937,21.106142 28.692086 -0.31003937,
  21.119371 28.711883 0.31003937,21.119371 28.711883 -0.31003937,
  21.086345 28.678858 0.31003937,21.106142 28.692086 0.31003937,
  21.086345 28.678858 -0.31003937,21.086345 28.678858 -0.31003937,
  21.106142 28.692086 0.31003937,21.106142 28.692086 -0.31003937,
  21.062992 28.674213 0.31003937,21.086345 28.678858 0.31003937,
  21.062992 28.674213 -0.31003937,21.062992 28.674213 -0.31003937,
  21.086345 28.678858 0.31003937,21.086345 28.678858 -0.31003937,
  21.039639 28.678858 0.31003937,21.062992 28.674213 0.31003937,
  21.039639 28.678858 -0.31003937,21.039639 28.678858 -0.31003937,
  21.062992 28.674213 0.31003937,21.062992 28.674213 -0.31003937,
  21.019842 28.692086 0.31003937,21.039639 28.678858 0.31003937,
  21.019842 28.692086 -0.31003937,21.019842 28.692086 -0.31003937,
  21.039639 28.678858 0.31003937,21.039639 28.678858 -0.31003937,
  21.006614 28.711883 0.31003937,21.019842 28.692086 0.31003937,
  21.006614 28.711883 -0.31003937,21.006614 28.711883 -0.31003937,
  21.019842 28.692086 0.31003937,21.019842 28.692086 -0.31003937,
  21.001969 28.735236 0.31003937,21.006614 28.711883 0.31003937,
  21.001969 28.735236 -0.31003937,21.001969 28.735236 -0.31003937,
  21.006614 28.711883 0.31003937,21.006614 28.711883 -0.31003937,
  21.006614 28.286148 0.31003937,21.001969 28.262795 0.31003937,
  21.006614 28.286148 -0.31003937,21.006614 28.286148 -0.31003937,
  21.001969 28.262795 0.31003937,21.001969 28.262795 -0.31003937,
  21.019842 28.305945 0.31003937,21.006614 28.286148 0.31003937,
  21.019842 28.305945 -0.31003937,21.019842 28.305945 -0.31003937,
  21.006614 28.286148 0.31003937,21.006614 28.286148 -0.31003937,
  21.039639 28.319174 0.31003937,21.019842 28.305945 0.31003937,
  21.039639 28.319174 -0.31003937,21.039639 28.319174 -0.31003937,
  21.019842 28.305945 0.31003937,21.019842 28.305945 -0.31003937,
  21.062992 28.323819 0.31003937,21.039639 28.319174 0.31003937,
  21.062992 28.323819 -0.31003937,21.062992 28.323819 -0.31003937,
  21.039639 28.319174 0.31003937,21.039639 28.319174 -0.31003937,
  21.086345 28.319174 0.31003937,21.062992 28.323819 0.31003937,
  21.086345 28.319174 -0.31003937,21.086345 28.319174 -0.31003937,
  21.062992 28.323819 0.31003937,21.062992 28.323819 -0.31003937,
  21.106142 28.305945 0.31003937,21.086345 28.319174 0.31003937,
  21.106142 28.305945 -0.31003937,21.106142 28.305945 -0.31003937,
  21.086345 28.319174 0.31003937,21.086345 28.319174 -0.31003937,
  21.119371 28.286148 0.31003937,21.106142 28.305945 0.31003937,
  21.119371 28.286148 -0.31003937,21.119371 28.286148 -0.31003937,
  21.106142 28.305945 0.31003937,21.106142 28.305945 -0.31003937,
  21.124016 28.262795 0.31003937,21.119371 28.286148 0.31003937,
  21.124016 28.262795 -0.31003937,21.124016 28.262795 -0.31003937,
  21.119371 28.286148 0.31003937,21.119371 28.286148 -0.31003937,
  21.119371 28.239443 0.31003937,21.124016 28.262795 0.31003937,
  21.119371 28.239443 -0.31003937,21.119371 28.239443 -0.31003937,
  21.124016 28.262795 0.31003937,21.124016 28.262795 -0.31003937,
  21.106142 28.219645 0.31003937,21.119371 28.239443 0.31003937,
  21.106142 28.219645 -0.31003937,21.106142 28.219645 -0.31003937,
  21.119371 28.239443 0.31003937,21.119371 28.239443 -0.31003937,
  21.086345 28.206417 0.31003937,21.106142 28.219645 0.31003937,
  21.086345 28.206417 -0.31003937,21.086345 28.206417 -0.31003937,
  21.106142 28.219645 0.31003937,21.106142 28.219645 -0.31003937,
  21.062992 28.201772 0.31003937,21.086345 28.206417 0.31003937,
  21.062992 28.201772 -0.31003937,21.062992 28.201772 -0.31003937,
  21.086345 28.206417 0.31003937,21.086345 28.206417 -0.31003937,
  21.039639 28.206417 0.31003937,21.062992 28.201772 0.31003937,
  21.039639 28.206417 -0.31003937,21.039639 28.206417 -0.31003937,
  21.062992 28.201772 0.31003937,21.062992 28.201772 -0.31003937,
  21.019842 28.219645 0.31003937,21.039639 28.206417 0.31003937,
  21.019842 28.219645 -0.31003937,21.019842 28.219645 -0.31003937,
  21.039639 28.206417 0.31003937,21.039639 28.206417 -0.31003937,
  21.006614 28.239443 0.31003937,21.019842 28.219645 0.31003937,
  21.006614 28.239443 -0.31003937,21.006614 28.239443 -0.31003937,
  21.019842 28.219645 0.31003937,21.019842 28.219645 -0.31003937,
  21.001969 28.262795 0.31003937,21.006614 28.239443 0.31003937,
  21.001969 28.262795 -0.31003937,21.001969 28.262795 -0.31003937,
  21.006614 28.239443 0.31003937,21.006614 28.239443 -0.31003937,
  21.006614 27.813707 0.31003937,21.001969 27.790354 0.31003937,
  21.006614 27.813707 -0.31003937,21.006614 27.813707 -0.31003937,
  21.001969 27.790354 0.31003937,21.001969 27.790354 -0.31003937,
  21.019842 27.833505 0.31003937,21.006614 27.813707 0.31003937,
  21.019842 27.833505 -0.31003937,21.019842 27.833505 -0.31003937,
  21.006614 27.813707 0.31003937,21.006614 27.813707 -0.31003937,
  21.039639 27.846733 0.31003937,21.019842 27.833505 0.31003937,
  21.039639 27.846733 -0.31003937,21.039639 27.846733 -0.31003937,
  21.019842 27.833505 0.31003937,21.019842 27.833505 -0.31003937,
  21.062992 27.851378 0.31003937,21.039639 27.846733 0.31003937,
  21.062992 27.851378 -0.31003937,21.062992 27.851378 -0.31003937,
  21.039639 27.846733 0.31003937,21.039639 27.846733 -0.31003937,
  21.086345 27.846733 0.31003937,21.062992 27.851378 0.31003937,
  21.086345 27.846733 -0.31003937,21.086345 27.846733 -0.31003937,
  21.062992 27.851378 0.31003937,21.062992 27.851378 -0.31003937,
  21.106142 27.833505 0.31003937,21.086345 27.846733 0.31003937,
  21.106142 27.833505 -0.31003937,21.106142 27.833505 -0.31003937,
  21.086345 27.846733 0.31003937,21.086345 27.846733 -0.31003937,
  21.119371 27.813707 0.31003937,21.106142 27.833505 0.31003937,
  21.119371 27.813707 -0.31003937,21.119371 27.813707 -0.31003937,
  21.106142 27.833505 0.31003937,21.106142 27.833505 -0.31003937,
  21.124016 27.790354 0.31003937,21.119371 27.813707 0.31003937,
  21.124016 27.790354 -0.31003937,21.124016 27.790354 -0.31003937,
  21.119371 27.813707 0.31003937,21.119371 27.813707 -0.31003937,
  21.119371 27.767002 0.31003937,21.124016 27.790354 0.31003937,
  21.119371 27.767002 -0.31003937,21.119371 27.767002 -0.31003937,
  21.124016 27.790354 0.31003937,21.124016 27.790354 -0.31003937,
  21.106142 27.747204 0.31003937,21.119371 27.767002 0.31003937,
  21.106142 27.747204 -0.31003937,21.106142 27.747204 -0.31003937,
  21.119371 27.767002 0.31003937,21.119371 27.767002 -0.31003937,
  21.086345 27.733976 0.31003937,21.106142 27.747204 0.31003937,
  21.086345 27.733976 -0.31003937,21.086345 27.733976 -0.31003937,
  21.106142 27.747204 0.31003937,21.106142 27.747204 -0.31003937,
  21.062992 27.729331 0.31003937,21.086345 27.733976 0.31003937,
  21.062992 27.729331 -0.31003937,21.062992 27.729331 -0.31003937,
  21.086345 27.733976 0.31003937,21.086345 27.733976 -0.31003937,
  21.039639 27.733976 0.31003937,21.062992 27.729331 0.31003937,
  21.039639 27.733976 -0.31003937,21.039639 27.733976 -0.31003937,
  21.062992 27.729331 0.31003937,21.062992 27.729331 -0.31003937,
  21.019842 27.747204 0.31003937,21.039639 27.733976 0.31003937,
  21.019842 27.747204 -0.31003937,21.019842 27.747204 -0.31003937,
  21.039639 27.733976 0.31003937,21.039639 27.733976 -0.31003937,
  21.006614 27.767002 0.31003937,21.019842 27.747204 0.31003937,
  21.006614 27.767002 -0.31003937,21.006614 27.767002 -0.31003937,
  21.019842 27.747204 0.31003937,21.019842 27.747204 -0.31003937,
  21.001969 27.790354 0.31003937,21.006614 27.767002 0.31003937,
  21.001969 27.790354 -0.31003937,21.001969 27.790354 -0.31003937,
  21.006614 27.767002 0.31003937,21.006614 27.767002 -0.31003937,
  21.006614 27.341266 0.31003937,21.001969 27.317913 0.31003937,
  21.006614 27.341266 -0.31003937,21.006614 27.341266 -0.31003937,
  21.001969 27.317913 0.31003937,21.001969 27.317913 -0.31003937,
  21.019842 27.361064 0.31003937,21.006614 27.341266 0.31003937,
  21.019842 27.361064 -0.31003937,21.019842 27.361064 -0.31003937,
  21.006614 27.341266 0.31003937,21.006614 27.341266 -0.31003937,
  21.039639 27.374292 0.31003937,21.019842 27.361064 0.31003937,
  21.039639 27.374292 -0.31003937,21.039639 27.374292 -0.31003937,
  21.019842 27.361064 0.31003937,21.019842 27.361064 -0.31003937,
  21.062992 27.378937 0.31003937,21.039639 27.374292 0.31003937,
  21.062992 27.378937 -0.31003937,21.062992 27.378937 -0.31003937,
  21.039639 27.374292 0.31003937,21.039639 27.374292 -0.31003937,
  21.086345 27.374292 0.31003937,21.062992 27.378937 0.31003937,
  21.086345 27.374292 -0.31003937,21.086345 27.374292 -0.31003937,
  21.062992 27.378937 0.31003937,21.062992 27.378937 -0.31003937,
  21.106142 27.361064 0.31003937,21.086345 27.374292 0.31003937,
  21.106142 27.361064 -0.31003937,21.106142 27.361064 -0.31003937,
  21.086345 27.374292 0.31003937,21.086345 27.374292 -0.31003937,
  21.119371 27.341266 0.31003937,21.106142 27.361064 0.31003937,
  21.119371 27.341266 -0.31003937,21.119371 27.341266 -0.31003937,
  21.106142 27.361064 0.31003937,21.106142 27.361064 -0.31003937,
  21.124016 27.317913 0.31003937,21.119371 27.341266 0.31003937,
  21.124016 27.317913 -0.31003937,21.124016 27.317913 -0.31003937,
  21.119371 27.341266 0.31003937,21.119371 27.341266 -0.31003937,
  21.119371 27.294561 0.31003937,21.124016 27.317913 0.31003937,
  21.119371 27.294561 -0.31003937,21.119371 27.294561 -0.31003937,
  21.124016 27.317913 0.31003937,21.124016 27.317913 -0.31003937,
  21.106142 27.274763 0.31003937,21.119371 27.294561 0.31003937,
  21.106142 27.274763 -0.31003937,21.106142 27.274763 -0.31003937,
  21.119371 27.294561 0.31003937,21.119371 27.294561 -0.31003937,
  21.086345 27.261535 0.31003937,21.106142 27.274763 0.31003937,
  21.086345 27.261535 -0.31003937,21.086345 27.261535 -0.31003937,
  21.106142 27.274763 0.31003937,21.106142 27.274763 -0.31003937,
  21.062992 27.25689 0.31003937,21.086345 27.261535 0.31003937,
  21.062992 27.25689 -0.31003937,21.062992 27.25689 -0.31003937,
  21.086345 27.261535 0.31003937,21.086345 27.261535 -0.31003937,
  21.039639 27.261535 0.31003937,21.062992 27.25689 0.31003937,
  21.039639 27.261535 -0.31003937,21.039639 27.261535 -0.31003937,
  21.062992 27.25689 0.31003937,21.062992 27.25689 -0.31003937,
  21.019842 27.274763 0.31003937,21.039639 27.261535 0.31003937,
  21.019842 27.274763 -0.31003937,21.019842 27.274763 -0.31003937,
  21.039639 27.261535 0.31003937,21.039639 27.261535 -0.31003937,
  21.006614 27.294561 0.31003937,21.019842 27.274763 0.31003937,
  21.006614 27.294561 -0.31003937,21.006614 27.294561 -0.31003937,
  21.019842 27.274763 0.31003937,21.019842 27.274763 -0.31003937,
  21.001969 27.317913 0.31003937,21.006614 27.294561 0.31003937,
  21.001969 27.317913 -0.31003937,21.001969 27.317913 -0.31003937,
  21.006614 27.294561 0.31003937,21.006614 27.294561 -0.31003937,
  15.32748 26.215282 0.31003937,15.322835 26.191929 0.31003937,
  15.32748 26.215282 -0.31003937,15.32748 26.215282 -0.31003937,
  15.322835 26.191929 0.31003937,15.322835 26.191929 -0.31003937,
  15.340708 26.235079 0.31003937,15.32748 26.215282 0.31003937,
  15.340708 26.235079 -0.31003937,15.340708 26.235079 -0.31003937,
  15.32748 26.215282 0.31003937,15.32748 26.215282 -0.31003937,
  15.360506 26.248308 0.31003937,15.340708 26.235079 0.31003937,
  15.360506 26.248308 -0.31003937,15.360506 26.248308 -0.31003937,
  15.340708 26.235079 0.31003937,15.340708 26.235079 -0.31003937,
  15.383858 26.252953 0.31003937,15.360506 26.248308 0.31003937,
  15.383858 26.252953 -0.31003937,15.383858 26.252953 -0.31003937,
  15.360506 26.248308 0.31003937,15.360506 26.248308 -0.31003937,
  15.407211 26.248308 0.31003937,15.383858 26.252953 0.31003937,
  15.407211 26.248308 -0.31003937,15.407211 26.248308 -0.31003937,
  15.383858 26.252953 0.31003937,15.383858 26.252953 -0.31003937,
  15.427008 26.235079 0.31003937,15.407211 26.248308 0.31003937,
  15.427008 26.235079 -0.31003937,15.427008 26.235079 -0.31003937,
  15.407211 26.248308 0.31003937,15.407211 26.248308 -0.31003937,
  15.440237 26.215282 0.31003937,15.427008 26.235079 0.31003937,
  15.440237 26.215282 -0.31003937,15.440237 26.215282 -0.31003937,
  15.427008 26.235079 0.31003937,15.427008 26.235079 -0.31003937,
  15.444882 26.191929 0.31003937,15.440237 26.215282 0.31003937,
  15.444882 26.191929 -0.31003937,15.444882 26.191929 -0.31003937,
  15.440237 26.215282 0.31003937,15.440237 26.215282 -0.31003937,
  15.440237 26.168576 0.31003937,15.444882 26.191929 0.31003937,
  15.440237 26.168576 -0.31003937,15.440237 26.168576 -0.31003937,
  15.444882 26.191929 0.31003937,15.444882 26.191929 -0.31003937,
  15.427008 26.148779 0.31003937,15.440237 26.168576 0.31003937,
  15.427008 26.148779 -0.31003937,15.427008 26.148779 -0.31003937,
  15.440237 26.168576 0.31003937,15.440237 26.168576 -0.31003937,
  15.407211 26.135551 0.31003937,15.427008 26.148779 0.31003937,
  15.407211 26.135551 -0.31003937,15.407211 26.135551 -0.31003937,
  15.427008 26.148779 0.31003937,15.427008 26.148779 -0.31003937,
  15.383858 26.130906 0.31003937,15.407211 26.135551 0.31003937,
  15.383858 26.130906 -0.31003937,15.383858 26.130906 -0.31003937,
  15.407211 26.135551 0.31003937,15.407211 26.135551 -0.31003937,
  15.360506 26.135551 0.31003937,15.383858 26.130906 0.31003937,
  15.360506 26.135551 -0.31003937,15.360506 26.135551 -0.31003937,
  15.383858 26.130906 0.31003937,15.383858 26.130906 -0.31003937,
  15.340708 26.148779 0.31003937,15.360506 26.135551 0.31003937,
  15.340708 26.148779 -0.31003937,15.340708 26.148779 -0.31003937,
  15.360506 26.135551 0.31003937,15.360506 26.135551 -0.31003937,
  15.32748 26.168576 0.31003937,15.340708 26.148779 0.31003937,
  15.32748 26.168576 -0.31003937,15.32748 26.168576 -0.31003937,
  15.340708 26.148779 0.31003937,15.340708 26.148779 -0.31003937,
  15.322835 26.191929 0.31003937,15.32748 26.168576 0.31003937,
  15.322835 26.191929 -0.31003937,15.322835 26.191929 -0.31003937,
  15.32748 26.168576 0.31003937,15.32748 26.168576 -0.31003937,
  1.882598 43.54237 0.31003937,1.9685039 43.543307 0.31003937,
  1.882598 43.54237 -0.31003937,1.882598 43.54237 -0.31003937,
  1.9685039 43.543307 0.31003937,1.9685039 43.543307 -0.31003937,
  1.7114402 43.527396 0.31003937,1.882598 43.54237 0.31003937,
  1.7114402 43.527396 -0.31003937,1.7114402 43.527396 -0.31003937,
  1.882598 43.54237 0.31003937,1.882598 43.54237 -0.31003937,
  1.5422386 43.497561 0.31003937,1.7114402 43.527396 0.31003937,
  1.5422386 43.497561 -0.31003937,1.5422386 43.497561 -0.31003937,
  1.7114402 43.527396 0.31003937,1.7114402 43.527396 -0.31003937,
  1.3762815 43.453093 0.31003937,1.5422386 43.497561 0.31003937,
  1.3762815 43.453093 -0.31003937,1.3762815 43.453093 -0.31003937,
  1.5422386 43.497561 0.31003937,1.5422386 43.497561 -0.31003937,
  1.2148311 43.39433 0.31003937,1.3762815 43.453093 0.31003937,
  1.2148311 43.39433 -0.31003937,1.2148311 43.39433 -0.31003937,
  1.3762815 43.453093 0.31003937,1.3762815 43.453093 -0.31003937,
  1.0591169 43.321719 0.31003937,1.2148311 43.39433 0.31003937,
  1.0591169 43.321719 -0.31003937,1.0591169 43.321719 -0.31003937,
  1.2148311 43.39433 0.31003937,1.2148311 43.39433 -0.31003937,
  0.91032362 43.235813 0.31003937,1.0591169 43.321719 0.31003937,
  0.91032362 43.235813 -0.31003937,0.91032362 43.235813 -0.31003937,
  1.0591169 43.321719 0.31003937,1.0591169 43.321719 -0.31003937,
  0.76958386 43.137266 0.31003937,0.91032362 43.235813 0.31003937,
  0.76958386 43.137266 -0.31003937,0.76958386 43.137266 -0.31003937,
  0.91032362 43.235813 0.31003937,0.91032362 43.235813 -0.31003937,
  0.6379685 43.026828 0.31003937,0.76958386 43.137266 0.31003937,
  0.6379685 43.026828 -0.31003937,0.6379685 43.026828 -0.31003937,
  0.76958386 43.137266 0.31003937,0.76958386 43.137266 -0.31003937,
  0.51647913 42.905339 0.31003937,0.6379685 43.026828 0.31003937,
  0.51647913 42.905339 -0.31003937,0.51647913 42.905339 -0.31003937,
  0.6379685 43.026828 0.31003937,0.6379685 43.026828 -0.31003937,
  0.40604094 42.773723 0.31003937,0.51647913 42.905339 0.31003937,
  0.40604094 42.773723 -0.31003937,0.40604094 42.773723 -0.31003937,
  0.51647913 42.905339 0.31003937,0.51647913 42.905339 -0.31003937,
  0.3074937 42.632983 0.31003937,0.40604094 42.773723 0.31003937,
  0.3074937 42.632983 -0.31003937,0.3074937 42.632983 -0.31003937,
  0.40604094 42.773723 0.31003937,0.40604094 42.773723 -0.31003937,
  0.2215878 42.48419 0.31003937,0.3074937 42.632983 0.31003937,
  0.2215878 42.48419 -0.31003937,0.2215878 42.48419 -0.31003937,
  0.3074937 42.632983 0.31003937,0.3074937 42.632983 -0.31003937,
  0.14897717 42.328476 0.31003937,0.2215878 42.48419 0.31003937,
  0.14897717 42.328476 -0.31003937,0.14897717 42.328476 -0.31003937,
  0.2215878 42.48419 0.31003937,0.2215878 42.48419 -0.31003937,
  0.090214173 42.167026 0.31003937,0.14897717 42.328476 0.31003937,
  0.090214173 42.167026 -0.31003937,0.090214173 42.167026 -0.31003937,
  0.14897717 42.328476 0.31003937,0.14897717 42.328476 -0.31003937,
  0.045746063 42.001069 0.31003937,0.090214173 42.167026 0.31003937,
  0.045746063 42.001069 -0.31003937,0.045746063 42.001069 -0.31003937,
  0.090214173 42.167026 0.31003937,0.090214173 42.167026 -0.31003937,
  0.015911417 41.831867 0.31003937,0.045746063 42.001069 0.31003937,
  0.015911417 41.831867 -0.31003937,0.015911417 41.831867 -0.31003937,
  0.045746063 42.001069 0.31003937,0.045746063 42.001069 -0.31003937,
  0.00093700787 41.660709 0.31003937,0.015911417 41.831867 0.31003937,
  0.00093700787 41.660709 -0.31003937,0.00093700787 41.660709 -0.31003937,
  0.015911417 41.831867 0.31003937,0.015911417 41.831867 -0.31003937,
  0 41.574803 0.31003937,0.00093700787 41.660709 0.31003937,
  0 41.574803 -0.31003937,0 41.574803 -0.31003937,
  0.00093700787 41.660709 0.31003937,0.00093700787 41.660709 -0.31003937,
  0 1.9685039 0.31003937,0 41.574803 0.31003937,
  0 1.9685039 -0.31003937,0 1.9685039 -0.31003937,
  0 41.574803 0.31003937,0 41.574803 -0.31003937,
  0.00093700787 1.882598 0.31003937,0 1.9685039 0.31003937,
  0.00093700787 1.882598 -0.31003937,0.00093700787 1.882598 -0.31003937,
  0 1.9685039 0.31003937,0 1.9685039 -0.31003937,
  0.015911417 1.7114402 0.31003937,0.00093700787 1.882598 0.31003937,
  0.015911417 1.7114402 -0.31003937,0.015911417 1.7114402 -0.31003937,
  0.00093700787 1.882598 0.31003937,0.00093700787 1.882598 -0.31003937,
  0.045746063 1.5422386 0.31003937,0.015911417 1.7114402 0.31003937,
  0.045746063 1.5422386 -0.31003937,0.045746063 1.5422386 -0.31003937,
  0.015911417 1.7114402 0.31003937,0.015911417 1.7114402 -0.31003937,
  0.090214173 1.3762815 0.31003937,0.045746063 1.5422386 0.31003937,
  0.090214173 1.3762815 -0.31003937,0.090214173 1.3762815 -0.31003937,
  0.045746063 1.5422386 0.31003937,0.045746063 1.5422386 -0.31003937,
  0.14897717 1.2148311 0.31003937,0.090214173 1.3762815 0.31003937,
  0.14897717 1.2148311 -0.31003937,0.14897717 1.2148311 -0.31003937,
  0.090214173 1.3762815 0.31003937,0.090214173 1.3762815 -0.31003937,
  0.2215878 1.0591169 0.31003937,0.14897717 1.2148311 0.31003937,
  0.2215878 1.0591169 -0.31003937,0.2215878 1.0591169 -0.31003937,
  0.14897717 1.2148311 0.31003937,0.14897717 1.2148311 -0.31003937,
  0.3074937 0.91032362 0.31003937,0.2215878 1.0591169 0.31003937,
  0.3074937 0.91032362 -0.31003937,0.3074937 0.91032362 -0.31003937,
  0.2215878 1.0591169 0.31003937,0.2215878 1.0591169 -0.31003937,
  0.40604094 0.76958386 0.31003937,0.3074937 0.91032362 0.31003937,
  0.40604094 0.76958386 -0.31003937,0.40604094 0.76958386 -0.31003937,
  0.3074937 0.91032362 0.31003937,0.3074937 0.91032362 -0.31003937,
  0.51647913 0.6379685 0.31003937,0.40604094 0.76958386 0.31003937,
  0.51647913 0.6379685 -0.31003937,0.51647913 0.6379685 -0.31003937,
  0.40604094 0.76958386 0.31003937,0.40604094 0.76958386 -0.31003937,
  0.6379685 0.51647913 0.31003937,0.51647913 0.6379685 0.31003937,
  0.6379685 0.51647913 -0.31003937,0.6379685 0.51647913 -0.31003937,
  0.51647913 0.6379685 0.31003937,0.51647913 0.6379685 -0.31003937,
  0.76958386 0.40604094 0.31003937,0.6379685 0.51647913 0.31003937,
  0.76958386 0.40604094 -0.31003937,0.76958386 0.40604094 -0.31003937,
  0.6379685 0.51647913 0.31003937,0.6379685 0.51647913 -0.31003937,
  0.91032362 0.3074937 0.31003937,0.76958386 0.40604094 0.31003937,
  0.91032362 0.3074937 -0.31003937,0.91032362 0.3074937 -0.31003937,
  0.76958386 0.40604094 0.31003937,0.76958386 0.40604094 -0.31003937,
  1.0591169 0.2215878 0.31003937,0.91032362 0.3074937 0.31003937,
  1.0591169 0.2215878 -0.31003937,1.0591169 0.2215878 -0.31003937,
  0.91032362 0.3074937 0.31003937,0.91032362 0.3074937 -0.31003937,
  1.2148311 0.14897717 0.31003937,1.0591169 0.2215878 0.31003937,
  1.2148311 0.14897717 -0.31003937,1.2148311 0.14897717 -0.31003937,
  1.0591169 0.2215878 0.31003937,1.0591169 0.2215878 -0.31003937,
  1.3762815 0.090214173 0.31003937,1.2148311 0.14897717 0.31003937,
  1.3762815 0.090214173 -0.31003937,1.3762815 0.090214173 -0.31003937,
  1.2148311 0.14897717 0.31003937,1.2148311 0.14897717 -0.31003937,
  1.5422386 0.045746063 0.31003937,1.3762815 0.090214173 0.31003937,
  1.5422386 0.045746063 -0.31003937,1.5422386 0.045746063 -0.31003937,
  1.3762815 0.090214173 0.31003937,1.3762815 0.090214173 -0.31003937,
  1.7114402 0.015911417 0.31003937,1.5422386 0.045746063 0.31003937,
  1.7114402 0.015911417 -0.31003937,1.7114402 0.015911417 -0.31003937,
  1.5422386 0.045746063 0.31003937,1.5422386 0.045746063 -0.31003937,
  1.882598 0.00093700787 0.31003937,1.7114402 0.015911417 0.31003937,
  1.882598 0.00093700787 -0.31003937,1.882598 0.00093700787 -0.31003937,
  1.7114402 0.015911417 0.31003937,1.7114402 0.015911417 -0.31003937,
  1.9685039 0 0.31003937,1.882598 0.00093700787 0.31003937,
  1.9685039 0 -0.31003937,1.9685039 0 -0.31003937,
  1.882598 0.00093700787 0.31003937,1.882598 0.00093700787 -0.31003937,
  48.425197 0 0.31003937,1.9685039 0 0.31003937,
  48.425197 0 -0.31003937,48.425197 0 -0.31003937,
  1.9685039 0 0.31003937,1.9685039 0 -0.31003937,
  48.511103 0.00093700787 0.31003937,48.425197 0 0.31003937,
  48.511103 0.00093700787 -0.31003937,48.511103 0.00093700787 -0.31003937,
  48.425197 0 0.31003937,48.425197 0 -0.31003937,
  48.682261 0.015911417 0.31003937,48.511103 0.00093700787 0.31003937,
  48.682261 0.015911417 -0.31003937,48.682261 0.015911417 -0.31003937,
  48.511103 0.00093700787 0.31003937,48.511103 0.00093700787 -0.31003937,
  48.851462 0.045746063 0.31003937,48.682261 0.015911417 0.31003937,
  48.851462 0.045746063 -0.31003937,48.851462 0.045746063 -0.31003937,
  48.682261 0.015911417 0.31003937,48.682261 0.015911417 -0.31003937,
  49.017419 0.090214173 0.31003937,48.851462 0.045746063 0.31003937,
  49.017419 0.090214173 -0.31003937,49.017419 0.090214173 -0.31003937,
  48.851462 0.045746063 0.31003937,48.851462 0.045746063 -0.31003937,
  49.17887 0.14897717 0.31003937,49.017419 0.090214173 0.31003937,
  49.17887 0.14897717 -0.31003937,49.17887 0.14897717 -0.31003937,
  49.017419 0.090214173 0.31003937,49.017419 0.090214173 -0.31003937,
  49.334584 0.2215878 0.31003937,49.17887 0.14897717 0.31003937,
  49.334584 0.2215878 -0.31003937,49.334584 0.2215878 -0.31003937,
  49.17887 0.14897717 0.31003937,49.17887 0.14897717 -0.31003937,
  49.483377 0.3074937 0.31003937,49.334584 0.2215878 0.31003937,
  49.483377 0.3074937 -0.31003937,49.483377 0.3074937 -0.31003937,
  49.334584 0.2215878 0.31003937,49.334584 0.2215878 -0.31003937,
  49.624117 0.40604094 0.31003937,49.483377 0.3074937 0.31003937,
  49.624117 0.40604094 -0.31003937,49.624117 0.40604094 -0.31003937,
  49.483377 0.3074937 0.31003937,49.483377 0.3074937 -0.31003937,
  49.755732 0.51647913 0.31003937,49.624117 0.40604094 0.31003937,
  49.755732 0.51647913 -0.31003937,49.755732 0.51647913 -0.31003937,
  49.624117 0.40604094 0.31003937,49.624117 0.40604094 -0.31003937,
  49.877222 0.6379685 0.31003937,49.755732 0.51647913 0.31003937,
  49.877222 0.6379685 -0.31003937,49.877222 0.6379685 -0.31003937,
  49.755732 0.51647913 0.31003937,49.755732 0.51647913 -0.31003937,
  49.98766 0.76958386 0.31003937,49.877222 0.6379685 0.31003937,
  49.98766 0.76958386 -0.31003937,49.98766 0.76958386 -0.31003937,
  49.877222 0.6379685 0.31003937,49.877222 0.6379685 -0.31003937,
  50.086207 0.91032362 0.31003937,49.98766 0.76958386 0.31003937,
  50.086207 0.91032362 -0.31003937,50.086207 0.91032362 -0.31003937,
  49.98766 0.76958386 0.31003937,49.98766 0.76958386 -0.31003937,
  50.172113 1.0591169 0.31003937,50.086207 0.91032362 0.31003937,
  50.172113 1.0591169 -0.31003937,50.172113 1.0591169 -0.31003937,
  50.086207 0.91032362 0.31003937,50.086207 0.91032362 -0.31003937,
  50.244724 1.2148311 0.31003937,50.172113 1.0591169 0.31003937,
  50.244724 1.2148311 -0.31003937,50.244724 1.2148311 -0.31003937,
  50.172113 1.0591169 0.31003937,50.172113 1.0591169 -0.31003937,
  50.303487 1.3762815 0.31003937,50.244724 1.2148311 0.31003937,
  50.303487 1.3762815 -0.31003937,50.303487 1.3762815 -0.31003937,
  50.244724 1.2148311 0.31003937,50.244724 1.2148311 -0.31003937,
  50.347955 1.5422386 0.31003937,50.303487 1.3762815 0.31003937,
  50.347955 1.5422386 -0.31003937,50.347955 1.5422386 -0.31003937,
  50.303487 1.3762815 0.31003937,50.303487 1.3762815 -0.31003937,
  50.377789 1.7114402 0.31003937,50.347955 1.5422386 0.31003937,
  50.377789 1.7114402 -0.31003937,50.377789 1.7114402 -0.31003937,
  50.347955 1.5422386 0.31003937,50.347955 1.5422386 -0.31003937,
  50.392764 1.882598 0.31003937,50.377789 1.7114402 0.31003937,
  50.392764 1.882598 -0.31003937,50.392764 1.882598 -0.31003937,
  50.377789 1.7114402 0.31003937,50.377789 1.7114402 -0.31003937,
  50.393701 1.9685039 0.31003937,50.392764 1.882598 0.31003937,
  50.393701 1.9685039 -0.31003937,50.393701 1.9685039 -0.31003937,
  50.392764 1.882598 0.31003937,50.392764 1.882598 -0.31003937,
  50.393701 41.574803 0.31003937,50.393701 1.9685039 0.31003937,
  50.393701 41.574803 -0.31003937,50.393701 41.574803 -0.31003937,
  50.393701 1.9685039 0.31003937,50.393701 1.9685039 -0.31003937,
  50.392764 41.660709 0.31003937,50.393701 41.574803 0.31003937,
  50.392764 41.660709 -0.31003937,50.392764 41.660709 -0.31003937,
  50.393701 41.574803 0.31003937,50.393701 41.574803 -0.31003937,
  50.377789 41.831867 0.31003937,50.392764 41.660709 0.31003937,
  50.377789 41.831867 -0.31003937,50.377789 41.831867 -0.31003937,
  50.392764 41.660709 0.31003937,50.392764 41.660709 -0.31003937,
  50.347955 42.001069 0.31003937,50.377789 41.831867 0.31003937,
  50.347955 42.001069 -0.31003937,50.347955 42.001069 -0.31003937,
  50.377789 41.831867 0.31003937,50.377789 41.831867 -0.31003937,
  50.303487 42.167026 0.31003937,50.347955 42.001069 0.31003937,
  50.303487 42.167026 -0.31003937,50.303487 42.167026 -0.31003937,
  50.347955 42.001069 0.31003937,50.347955 42.001069 -0.31003937,
  50.244724 42.328476 0.31003937,50.303487 42.167026 0.31003937,
  50.244724 42.328476 -0.31003937,50.244724 42.328476 -0.31003937,
  50.303487 42.167026 0.31003937,50.303487 42.167026 -0.31003937,
  50.172113 42.48419 0.31003937,50.244724 42.328476 0.31003937,
  50.172113 42.48419 -0.31003937,50.172113 42.48419 -0.31003937,
  50.244724 42.328476 0.31003937,50.244724 42.328476 -0.31003937,
  50.086207 42.632983 0.31003937,50.172113 42.48419 0.31003937,
  50.086207 42.632983 -0.31003937,50.086207 42.632983 -0.31003937,
  50.172113 42.48419 0.31003937,50.172113 42.48419 -0.31003937,
  49.98766 42.773723 0.31003937,50.086207 42.632983 0.31003937,
  49.98766 42.773723 -0.31003937,49.98766 42.773723 -0.31003937,
  50.086207 42.632983 0.31003937,50.086207 42.632983 -0.31003937,
  49.877222 42.905339 0.31003937,49.98766 42.773723 0.31003937,
  49.877222 42.905339 -0.31003937,49.877222 42.905339 -0.31003937,
  49.98766 42.773723 0.31003937,49.98766 42.773723 -0.31003937,
  49.755732 43.026828 0.31003937,49.877222 42.905339 0.31003937,
  49.755732 43.026828 -0.31003937,49.755732 43.026828 -0.31003937,
  49.877222 42.905339 0.31003937,49.877222 42.905339 -0.31003937,
  49.624117 43.137266 0.31003937,49.755732 43.026828 0.31003937,
  49.624117 43.137266 -0.31003937,49.624117 43.137266 -0.31003937,
  49.755732 43.026828 0.31003937,49.755732 43.026828 -0.31003937,
  49.483377 43.235813 0.31003937,49.624117 43.137266 0.31003937,
  49.483377 43.235813 -0.31003937,49.483377 43.235813 -0.31003937,
  49.624117 43.137266 0.31003937,49.624117 43.137266 -0.31003937,
  49.334584 43.321719 0.31003937,49.483377 43.235813 0.31003937,
  49.334584 43.321719 -0.31003937,49.334584 43.321719 -0.31003937,
  49.483377 43.235813 0.31003937,49.483377 43.235813 -0.31003937,
  49.17887 43.39433 0.31003937,49.334584 43.321719 0.31003937,
  49.17887 43.39433 -0.31003937,49.17887 43.39433 -0.31003937,
  49.334584 43.321719 0.31003937,49.334584 43.321719 -0.31003937,
  49.017419 43.453093 0.31003937,49.17887 43.39433 0.31003937,
  49.017419 43.453093 -0.31003937,49.017419 43.453093 -0.31003937,
  49.17887 43.39433 0.31003937,49.17887 43.39433 -0.31003937,
  48.851462 43.497561 0.31003937,49.017419 43.453093 0.31003937,
  48.851462 43.497561 -0.31003937,48.851462 43.497561 -0.31003937,
  49.017419 43.453093 0.31003937,49.017419 43.453093 -0.31003937,
  48.682261 43.527396 0.31003937,48.851462 43.497561 0.31003937,
  48.682261 43.527396 -0.31003937,48.682261 43.527396 -0.31003937,
  48.851462 43.497561 0.31003937,48.851462 43.497561 -0.31003937,
  48.511103 43.54237 0.31003937,48.682261 43.527396 0.31003937,
  48.511103 43.54237 -0.31003937,48.511103 43.54237 -0.31003937,
  48.682261 43.527396 0.31003937,48.682261 43.527396 -0.31003937,
  48.425197 43.543307 0.31003937,48.511103 43.54237 0.31003937,
  48.425197 43.543307 -0.31003937,48.425197 43.543307 -0.31003937,
  48.511103 43.54237 0.31003937,48.511103 43.54237 -0.31003937,
  1.9685039 43.543307 0.31003937,48.425197 43.543307 0.31003937,
  1.9685039 43.543307 -0.31003937,1.9685039 43.543307 -0.31003937,
  48.425197 43.543307 0.31003937,48.425197 43.543307 -0.31003937,
  15.32748 25.821581 0.31003937,15.322835 25.798228 0.31003937,
  15.32748 25.821581 -0.31003937,15.32748 25.821581 -0.31003937,
  15.322835 25.798228 0.31003937,15.322835 25.798228 -0.31003937,
  15.340708 25.841379 0.31003937,15.32748 25.821581 0.31003937,
  15.340708 25.841379 -0.31003937,15.340708 25.841379 -0.31003937,
  15.32748 25.821581 0.31003937,15.32748 25.821581 -0.31003937,
  15.360506 25.854607 0.31003937,15.340708 25.841379 0.31003937,
  15.360506 25.854607 -0.31003937,15.360506 25.854607 -0.31003937,
  15.340708 25.841379 0.31003937,15.340708 25.841379 -0.31003937,
  15.383858 25.859252 0.31003937,15.360506 25.854607 0.31003937,
  15.383858 25.859252 -0.31003937,15.383858 25.859252 -0.31003937,
  15.360506 25.854607 0.31003937,15.360506 25.854607 -0.31003937,
  15.407211 25.854607 0.31003937,15.383858 25.859252 0.31003937,
  15.407211 25.854607 -0.31003937,15.407211 25.854607 -0.31003937,
  15.383858 25.859252 0.31003937,15.383858 25.859252 -0.31003937,
  15.427008 25.841379 0.31003937,15.407211 25.854607 0.31003937,
  15.427008 25.841379 -0.31003937,15.427008 25.841379 -0.31003937,
  15.407211 25.854607 0.31003937,15.407211 25.854607 -0.31003937,
  15.440237 25.821581 0.31003937,15.427008 25.841379 0.31003937,
  15.440237 25.821581 -0.31003937,15.440237 25.821581 -0.31003937,
  15.427008 25.841379 0.31003937,15.427008 25.841379 -0.31003937,
  15.444882 25.798228 0.31003937,15.440237 25.821581 0.31003937,
  15.444882 25.798228 -0.31003937,15.444882 25.798228 -0.31003937,
  15.440237 25.821581 0.31003937,15.440237 25.821581 -0.31003937,
  15.440237 25.774876 0.31003937,15.444882 25.798228 0.31003937,
  15.440237 25.774876 -0.31003937,15.440237 25.774876 -0.31003937,
  15.444882 25.798228 0.31003937,15.444882 25.798228 -0.31003937,
  15.427008 25.755078 0.31003937,15.440237 25.774876 0.31003937,
  15.427008 25.755078 -0.31003937,15.427008 25.755078 -0.31003937,
  15.440237 25.774876 0.31003937,15.440237 25.774876 -0.31003937,
  15.407211 25.74185 0.31003937,15.427008 25.755078 0.31003937,
  15.407211 25.74185 -0.31003937,15.407211 25.74185 -0.31003937,
  15.427008 25.755078 0.31003937,15.427008 25.755078 -0.31003937,
  15.383858 25.737205 0.31003937,15.407211 25.74185 0.31003937,
  15.383858 25.737205 -0.31003937,15.383858 25.737205 -0.31003937,
  15.407211 25.74185 0.31003937,15.407211 25.74185 -0.31003937,
  15.360506 25.74185 0.31003937,15.383858 25.737205 0.31003937,
  15.360506 25.74185 -0.31003937,15.360506 25.74185 -0.31003937,
  15.383858 25.737205 0.31003937,15.383858 25.737205 -0.31003937,
  15.340708 25.755078 0.31003937,15.360506 25.74185 0.31003937,
  15.340708 25.755078 -0.31003937,15.340708 25.755078 -0.31003937,
  15.360506 25.74185 0.31003937,15.360506 25.74185 -0.31003937,
  15.32748 25.774876 0.31003937,15.340708 25.755078 0.31003937,
  15.32748 25.774876 -0.31003937,15.32748 25.774876 -0.31003937,
  15.340708 25.755078 0.31003937,15.340708 25.755078 -0.31003937,
  15.322835 25.798228 0.31003937,15.32748 25.774876 0.31003937,
  15.322835 25.798228 -0.31003937,15.322835 25.798228 -0.31003937,
  15.32748 25.774876 0.31003937,15.32748 25.774876 -0.31003937] }
 coordIndex [
  0,1,2,-1,3,4,5,-1,6,7,8,-1,9,10,11,-1,12,13,14,-1,15,16,17,-1,18,19,20,-1,21,22,23,-1,
  24,25,26,-1,27,28,29,-1,30,31,32,-1,33,34,35,-1,36,37,38,-1,39,40,41,-1,42,43,44,-1,45,46,47,-1,
  48,49,50,-1,51,52,53,-1,54,55,56,-1,57,58,59,-1,60,61,62,-1,63,64,65,-1,66,67,68,-1,69,70,71,-1,
  72,73,74,-1,75,76,77,-1,78,79,80,-1,81,82,83,-1,84,85,86,-1,87,88,89,-1,90,91,92,-1,93,94,95,-1,
  96,97,98,-1,99,100,101,-1,102,103,104,-1,105,106,107,-1,108,109,110,-1,111,112,113,-1,114,115,116,-1,117,118,119,-1,
  120,121,122,-1,123,124,125,-1,126,127,128,-1,129,130,131,-1,132,133,134,-1,135,136,137,-1,138,139,140,-1,141,142,143,-1,
  144,145,146,-1,147,148,149,-1,150,151,152,-1,153,154,155,-1,156,157,158,-1,159,160,161,-1,162,163,164,-1,165,166,167,-1,
  168,169,170,-1,171,172,173,-1,174,175,176,-1,177,178,179,-1,180,181,182,-1,183,184,185,-1,186,187,188,-1,189,190,191,-1,
  192,193,194,-1,195,196,197,-1,198,199,200,-1,201,202,203,-1,204,205,206,-1,207,208,209,-1,210,211,212,-1,213,214,215,-1,
  216,217,218,-1,219,220,221,-1,222,223,224,-1,225,226,227,-1,228,229,230,-1,231,232,233,-1,234,235,236,-1,237,238,239,-1,
  240,241,242,-1,243,244,245,-1,246,247,248,-1,249,250,251,-1,252,253,254,-1,255,256,257,-1,258,259,260,-1,261,262,263,-1,
  264,265,266,-1,267,268,269,-1,270,271,272,-1,273,274,275,-1,276,277,278,-1,279,280,281,-1,282,283,284,-1,285,286,287,-1,
  288,289,290,-1,291,292,293,-1,294,295,296,-1,297,298,299,-1,300,301,302,-1,303,304,305,-1,306,307,308,-1,309,310,311,-1,
  312,313,314,-1,315,316,317,-1,318,319,320,-1,321,322,323,-1,324,325,326,-1,327,328,329,-1,330,331,332,-1,333,334,335,-1,
  336,337,338,-1,339,340,341,-1,342,343,344,-1,345,346,347,-1,348,349,350,-1,351,352,353,-1,354,355,356,-1,357,358,359,-1,
  360,361,362,-1,363,364,365,-1,366,367,368,-1,369,370,371,-1,372,373,374,-1,375,376,377,-1,378,379,380,-1,381,382,383,-1,
  384,385,386,-1,387,388,389,-1,390,391,392,-1,393,394,395,-1,396,397,398,-1,399,400,401,-1,402,403,404,-1,405,406,407,-1,
  408,409,410,-1,411,412,413,-1,414,415,416,-1,417,418,419,-1,420,421,422,-1,423,424,425,-1,426,427,428,-1,429,430,431,-1,
  432,433,434,-1,435,436,437,-1,438,439,440,-1,441,442,443,-1,444,445,446,-1,447,448,449,-1,450,451,452,-1,453,454,455,-1,
  456,457,458,-1,459,460,461,-1,462,463,464,-1,465,466,467,-1,468,469,470,-1,471,472,473,-1,474,475,476,-1,477,478,479,-1,
  480,481,482,-1,483,484,485,-1,486,487,488,-1,489,490,491,-1,492,493,494,-1,495,496,497,-1,498,499,500,-1,501,502,503,-1,
  504,505,506,-1,507,508,509,-1,510,511,512,-1,513,514,515,-1,516,517,518,-1,519,520,521,-1,522,523,524,-1,525,526,527,-1,
  528,529,530,-1,531,532,533,-1,534,535,536,-1,537,538,539,-1,540,541,542,-1,543,544,545,-1,546,547,548,-1,549,550,551,-1,
  552,553,554,-1,555,556,557,-1,558,559,560,-1,561,562,563,-1,564,565,566,-1,567,568,569,-1,570,571,572,-1,573,574,575,-1,
  576,577,578,-1,579,580,581,-1,582,583,584,-1,585,586,587,-1,588,589,590,-1,591,592,593,-1,594,595,596,-1,597,598,599,-1,
  600,601,602,-1,603,604,605,-1,606,607,608,-1,609,610,611,-1,612,613,614,-1,615,616,617,-1,618,619,620,-1,621,622,623,-1,
  624,625,626,-1,627,628,629,-1,630,631,632,-1,633,634,635,-1,636,637,638,-1,639,640,641,-1,642,643,644,-1,645,646,647,-1,
  648,649,650,-1,651,652,653,-1,654,655,656,-1,657,658,659,-1,660,661,662,-1,663,664,665,-1,666,667,668,-1,669,670,671,-1,
  672,673,674,-1,675,676,677,-1,678,679,680,-1,681,682,683,-1,684,685,686,-1,687,688,689,-1,690,691,692,-1,693,694,695,-1,
  696,697,698,-1,699,700,701,-1,702,703,704,-1,705,706,707,-1,708,709,710,-1,711,712,713,-1,714,715,716,-1,717,718,719,-1,
  720,721,722,-1,723,724,725,-1,726,727,728,-1,729,730,731,-1,732,733,734,-1,735,736,737,-1,738,739,740,-1,741,742,743,-1,
  744,745,746,-1,747,748,749,-1,750,751,752,-1,753,754,755,-1,756,757,758,-1,759,760,761,-1,762,763,764,-1,765,766,767,-1,
  768,769,770,-1,771,772,773,-1,774,775,776,-1,777,778,779,-1,780,781,782,-1,783,784,785,-1,786,787,788,-1,789,790,791,-1,
  792,793,794,-1,795,796,797,-1,798,799,800,-1,801,802,803,-1,804,805,806,-1,807,808,809,-1,810,811,812,-1,813,814,815,-1,
  816,817,818,-1,819,820,821,-1,822,823,824,-1,825,826,827,-1,828,829,830,-1,831,832,833,-1,834,835,836,-1,837,838,839,-1,
  840,841,842,-1,843,844,845,-1,846,847,848,-1,849,850,851,-1,852,853,854,-1,855,856,857,-1,858,859,860,-1,861,862,863,-1,
  864,865,866,-1,867,868,869,-1,870,871,872,-1,873,874,875,-1,876,877,878,-1,879,880,881,-1,882,883,884,-1,885,886,887,-1,
  888,889,890,-1,891,892,893,-1,894,895,896,-1,897,898,899,-1,900,901,902,-1,903,904,905,-1,906,907,908,-1,909,910,911,-1,
  912,913,914,-1,915,916,917,-1,918,919,920,-1,921,922,923,-1,924,925,926,-1,927,928,929,-1,930,931,932,-1,933,934,935,-1,
  936,937,938,-1,939,940,941,-1,942,943,944,-1,945,946,947,-1,948,949,950,-1,951,952,953,-1,954,955,956,-1,957,958,959,-1,
  960,961,962,-1,963,964,965,-1,966,967,968,-1,969,970,971,-1,972,973,974,-1,975,976,977,-1,978,979,980,-1,981,982,983,-1,
  984,985,986,-1,987,988,989,-1,990,991,992,-1,993,994,995,-1,996,997,998,-1,999,1000,1001,-1,1002,1003,1004,-1,1005,1006,1007,-1,
  1008,1009,1010,-1,1011,1012,1013,-1,1014,1015,1016,-1,1017,1018,1019,-1,1020,1021,1022,-1,1023,1024,1025,-1,1026,1027,1028,-1,1029,1030,1031,-1,
  1032,1033,1034,-1,1035,1036,1037,-1,1038,1039,1040,-1,1041,1042,1043,-1,1044,1045,1046,-1,1047,1048,1049,-1,1050,1051,1052,-1,1053,1054,1055,-1]
  normalPerVertex TRUE
  normal DEF NORM_2 Normal { vector [
  0.98078528 -0.19509032 0,0.98078528 -0.19509032 0,
  0.98078528 -0.19509032 0,0.98078528 -0.19509032 0,
  0.98078528 -0.19509032 0,0.98078528 -0.19509032 0,
  0.83146961 -0.55557023 0,0.83146961 -0.55557023 0,
  0.83146961 -0.55557023 0,0.83146961 -0.55557023 0,
  0.83146961 -0.55557023 0,0.83146961 -0.55557023 0,
  0.55557023 -0.83146961 0,0.55557023 -0.83146961 0,
  0.55557023 -0.83146961 0,0.55557023 -0.83146961 0,
  0.55557023 -0.83146961 0,0.55557023 -0.83146961 0,
  0.19509032 -0.98078528 0,0.19509032 -0.98078528 0,
  0.19509032 -0.98078528 0,0.19509032 -0.98078528 0,
  0.19509032 -0.98078528 0,0.19509032 -0.98078528 0,
  -0.19509032 -0.98078528 0,-0.19509032 -0.98078528 0,
  -0.19509032 -0.98078528 0,-0.19509032 -0.98078528 0,
  -0.19509032 -0.98078528 0,-0.19509032 -0.98078528 0,
  -0.55557023 -0.83146961 0,-0.55557023 -0.83146961 0,
  -0.55557023 -0.83146961 0,-0.55557023 -0.83146961 0,
  -0.55557023 -0.83146961 0,-0.55557023 -0.83146961 0,
  -0.83146961 -0.55557023 0,-0.83146961 -0.55557023 0,
  -0.83146961 -0.55557023 0,-0.83146961 -0.55557023 0,
  -0.83146961 -0.55557023 0,-0.83146961 -0.55557023 0,
  -0.98078528 -0.19509032 0,-0.98078528 -0.19509032 0,
  -0.98078528 -0.19509032 0,-0.98078528 -0.19509032 0,
  -0.98078528 -0.19509032 0,-0.98078528 -0.19509032 0,
  -0.98078528 0.19509032 0,-0.98078528 0.19509032 0,
  -0.98078528 0.19509032 0,-0.98078528 0.19509032 0,
  -0.98078528 0.19509032 0,-0.98078528 0.19509032 0,
  -0.83146961 0.55557023 0,-0.83146961 0.55557023 0,
  -0.83146961 0.55557023 0,-0.83146961 0.55557023 0,
  -0.83146961 0.55557023 0,-0.83146961 0.55557023 0,
  -0.55557023 0.83146961 0,-0.55557023 0.83146961 0,
  -0.55557023 0.83146961 0,-0.55557023 0.83146961 0,
  -0.55557023 0.83146961 0,-0.55557023 0.83146961 0,
  -0.19509032 0.98078528 0,-0.19509032 0.98078528 0,
  -0.19509032 0.98078528 0,-0.19509032 0.98078528 0,
  -0.19509032 0.98078528 0,-0.19509032 0.98078528 0,
  0.19509032 0.98078528 0,0.19509032 0.98078528 0,
  0.19509032 0.98078528 0,0.19509032 0.98078528 0,
  0.19509032 0.98078528 0,0.19509032 0.98078528 0,
  0.55557023 0.83146961 0,0.55557023 0.83146961 0,
  0.55557023 0.83146961 0,0.55557023 0.83146961 0,
  0.55557023 0.83146961 0,0.55557023 0.83146961 0,
  0.83146961 0.55557023 0,0.83146961 0.55557023 0,
  0.83146961 0.55557023 0,0.83146961 0.55557023 0,
  0.83146961 0.55557023 0,0.83146961 0.55557023 0,
  0.98078528 0.19509032 0,0.98078528 0.19509032 0,
  0.98078528 0.19509032 0,0.98078528 0.19509032 0,
  0.98078528 0.19509032 0,0.98078528 0.19509032 0,
  0.98078528 -0.19509032 0,0.98078528 -0.19509032 0,
  0.98078528 -0.19509032 0,0.98078528 -0.19509032 0,
  0.98078528 -0.19509032 0,0.98078528 -0.19509032 0,
  0.83146961 -0.55557023 0,0.83146961 -0.55557023 0,
  0.83146961 -0.55557023 0,0.83146961 -0.55557023 0,
  0.83146961 -0.55557023 0,0.83146961 -0.55557023 0,
  0.55557023 -0.83146961 0,0.55557023 -0.83146961 0,
  0.55557023 -0.83146961 0,0.55557023 -0.83146961 0,
  0.55557023 -0.83146961 0,0.55557023 -0.83146961 0,
  0.19509032 -0.98078528 0,0.19509032 -0.98078528 0,
  0.19509032 -0.98078528 0,0.19509032 -0.98078528 0,
  0.19509032 -0.98078528 0,0.19509032 -0.98078528 0,
  -0.19509032 -0.98078528 0,-0.19509032 -0.98078528 0,
  -0.19509032 -0.98078528 0,-0.19509032 -0.98078528 0,
  -0.19509032 -0.98078528 0,-0.19509032 -0.98078528 0,
  -0.55557023 -0.83146961 0,-0.55557023 -0.83146961 0,
  -0.55557023 -0.83146961 0,-0.55557023 -0.83146961 0,
  -0.55557023 -0.83146961 0,-0.55557023 -0.83146961 0,
  -0.83146961 -0.55557023 0,-0.83146961 -0.55557023 0,
  -0.83146961 -0.55557023 0,-0.83146961 -0.55557023 0,
  -0.83146961 -0.55557023 0,-0.83146961 -0.55557023 0,
  -0.98078528 -0.19509032 0,-0.98078528 -0.19509032 0,
  -0.98078528 -0.19509032 0,-0.98078528 -0.19509032 0,
  -0.98078528 -0.19509032 0,-0.98078528 -0.19509032 0,
  -0.98078528 0.19509032 0,-0.98078528 0.19509032 0,
  -0.98078528 0.19509032 0,-0.98078528 0.19509032 0,
  -0.98078528 0.19509032 0,-0.98078528 0.19509032 0,
  -0.83146961 0.55557023 0,-0.83146961 0.55557023 0,
  -0.83146961 0.55557023 0,-0.83146961 0.55557023 0,
  -0.83146961 0.55557023 0,-0.83146961 0.55557023 0,
  -0.55557023 0.83146961 0,-0.55557023 0.83146961 0,
  -0.55557023 0.83146961 0,-0.55557023 0.83146961 0,
  -0.55557023 0.83146961 0,-0.55557023 0.83146961 0,
  -0.19509032 0.98078528 0,-0.19509032 0.98078528 0,
  -0.19509032 0.98078528 0,-0.19509032 0.98078528 0,
  -0.19509032 0.98078528 0,-0.19509032 0.98078528 0,
  0.19509032 0.98078528 0,0.19509032 0.98078528 0,
  0.19509032 0.98078528 0,0.19509032 0.98078528 0,
  0.19509032 0.98078528 0,0.19509032 0.98078528 0,
  0.55557023 0.83146961 0,0.55557023 0.83146961 0,
  0.55557023 0.83146961 0,0.55557023 0.83146961 0,
  0.55557023 0.83146961 0,0.55557023 0.83146961 0,
  0.83146961 0.55557023 0,0.83146961 0.55557023 0,
  0.83146961 0.55557023 0,0.83146961 0.55557023 0,
  0.83146961 0.55557023 0,0.83146961 0.55557023 0,
  0.98078528 0.19509032 0,0.98078528 0.19509032 0,
  0.98078528 0.19509032 0,0.98078528 0.19509032 0,
  0.98078528 0.19509032 0,0.98078528 0.19509032 0,
  0.98078528 -0.19509032 0,0.98078528 -0.19509032 0,
  0.98078528 -0.19509032 0,0.98078528 -0.19509032 0,
  0.98078528 -0.19509032 0,0.98078528 -0.19509032 0,
  0.83146961 -0.55557023 0,0.83146961 -0.55557023 0,
  0.83146961 -0.55557023 0,0.83146961 -0.55557023 0,
  0.83146961 -0.55557023 0,0.83146961 -0.55557023 0,
  0.55557023 -0.83146961 0,0.55557023 -0.83146961 0,
  0.55557023 -0.83146961 0,0.55557023 -0.83146961 0,
  0.55557023 -0.83146961 0,0.55557023 -0.83146961 0,
  0.19509032 -0.98078528 0,0.19509032 -0.98078528 0,
  0.19509032 -0.98078528 0,0.19509032 -0.98078528 0,
  0.19509032 -0.98078528 0,0.19509032 -0.98078528 0,
  -0.19509032 -0.98078528 0,-0.19509032 -0.98078528 0,
  -0.19509032 -0.98078528 0,-0.19509032 -0.98078528 0,
  -0.19509032 -0.98078528 0,-0.19509032 -0.98078528 0,
  -0.55557023 -0.83146961 0,-0.55557023 -0.83146961 0,
  -0.55557023 -0.83146961 0,-0.55557023 -0.83146961 0,
  -0.55557023 -0.83146961 0,-0.55557023 -0.83146961 0,
  -0.83146961 -0.55557023 0,-0.83146961 -0.55557023 0,
  -0.83146961 -0.55557023 0,-0.83146961 -0.55557023 0,
  -0.83146961 -0.55557023 0,-0.83146961 -0.55557023 0,
  -0.98078528 -0.19509032 0,-0.98078528 -0.19509032 0,
  -0.98078528 -0.19509032 0,-0.98078528 -0.19509032 0,
  -0.98078528 -0.19509032 0,-0.98078528 -0.19509032 0,
  -0.98078528 0.19509032 0,-0.98078528 0.19509032 0,
  -0.98078528 0.19509032 0,-0.98078528 0.19509032 0,
  -0.98078528 0.19509032 0,-0.98078528 0.19509032 0,
  -0.83146961 0.55557023 0,-0.83146961 0.55557023 0,
  -0.83146961 0.55557023 0,-0.83146961 0.55557023 0,
  -0.83146961 0.55557023 0,-0.83146961 0.55557023 0,
  -0.55557023 0.83146961 0,-0.55557023 0.83146961 0,
  -0.55557023 0.83146961 0,-0.55557023 0.83146961 0,
  -0.55557023 0.83146961 0,-0.55557023 0.83146961 0,
  -0.19509032 0.98078528 0,-0.19509032 0.98078528 0,
  -0.19509032 0.98078528 0,-0.19509032 0.98078528 0,
  -0.19509032 0.98078528 0,-0.19509032 0.98078528 0,
  0.19509032 0.98078528 0,0.19509032 0.98078528 0,
  0.19509032 0.98078528 0,0.19509032 0.98078528 0,
  0.19509032 0.98078528 0,0.19509032 0.98078528 0,
  0.55557023 0.83146961 0,0.55557023 0.83146961 0,
  0.55557023 0.83146961 0,0.55557023 0.83146961 0,
  0.55557023 0.83146961 0,0.55557023 0.83146961 0,
  0.83146961 0.55557023 0,0.83146961 0.55557023 0,
  0.83146961 0.55557023 0,0.83146961 0.55557023 0,
  0.83146961 0.55557023 0,0.83146961 0.55557023 0,
  0.98078528 0.19509032 0,0.98078528 0.19509032 0,
  0.98078528 0.19509032 0,0.98078528 0.19509032 0,
  0.98078528 0.19509032 0,0.98078528 0.19509032 0,
  0.98078528 -0.19509032 0,0.98078528 -0.19509032 0,
  0.98078528 -0.19509032 0,0.98078528 -0.19509032 0,
  0.98078528 -0.19509032 0,0.98078528 -0.19509032 0,
  0.83146961 -0.55557023 0,0.83146961 -0.55557023 0,
  0.83146961 -0.55557023 0,0.83146961 -0.55557023 0,
  0.83146961 -0.55557023 0,0.83146961 -0.55557023 0,
  0.55557023 -0.83146961 0,0.55557023 -0.83146961 0,
  0.55557023 -0.83146961 0,0.55557023 -0.83146961 0,
  0.55557023 -0.83146961 0,0.55557023 -0.83146961 0,
  0.19509032 -0.98078528 0,0.19509032 -0.98078528 0,
  0.19509032 -0.98078528 0,0.19509032 -0.98078528 0,
  0.19509032 -0.98078528 0,0.19509032 -0.98078528 0,
  -0.19509032 -0.98078528 0,-0.19509032 -0.98078528 0,
  -0.19509032 -0.98078528 0,-0.19509032 -0.98078528 0,
  -0.19509032 -0.98078528 0,-0.19509032 -0.98078528 0,
  -0.55557023 -0.83146961 0,-0.55557023 -0.83146961 0,
  -0.55557023 -0.83146961 0,-0.55557023 -0.83146961 0,
  -0.55557023 -0.83146961 0,-0.55557023 -0.83146961 0,
  -0.83146961 -0.55557023 0,-0.83146961 -0.55557023 0,
  -0.83146961 -0.55557023 0,-0.83146961 -0.55557023 0,
  -0.83146961 -0.55557023 0,-0.83146961 -0.55557023 0,
  -0.98078528 -0.19509032 0,-0.98078528 -0.19509032 0,
  -0.98078528 -0.19509032 0,-0.98078528 -0.19509032 0,
  -0.98078528 -0.19509032 0,-0.98078528 -0.19509032 0,
  -0.98078528 0.19509032 0,-0.98078528 0.19509032 0,
  -0.98078528 0.19509032 0,-0.98078528 0.19509032 0,
  -0.98078528 0.19509032 0,-0.98078528 0.19509032 0,
  -0.83146961 0.55557023 0,-0.83146961 0.55557023 0,
  -0.83146961 0.55557023 0,-0.83146961 0.55557023 0,
  -0.83146961 0.55557023 0,-0.83146961 0.55557023 0,
  -0.55557023 0.83146961 0,-0.55557023 0.83146961 0,
  -0.55557023 0.83146961 0,-0.55557023 0.83146961 0,
  -0.55557023 0.83146961 0,-0.55557023 0.83146961 0,
  -0.19509032 0.98078528 0,-0.19509032 0.98078528 0,
  -0.19509032 0.98078528 0,-0.19509032 0.98078528 0,
  -0.19509032 0.98078528 0,-0.19509032 0.98078528 0,
  0.19509032 0.98078528 0,0.19509032 0.98078528 0,
  0.19509032 0.98078528 0,0.19509032 0.98078528 0,
  0.19509032 0.98078528 0,0.19509032 0.98078528 0,
  0.55557023 0.83146961 0,0.55557023 0.83146961 0,
  0.55557023 0.83146961 0,0.55557023 0.83146961 0,
  0.55557023 0.83146961 0,0.55557023 0.83146961 0,
  0.83146961 0.55557023 0,0.83146961 0.55557023 0,
  0.83146961 0.55557023 0,0.83146961 0.55557023 0,
  0.83146961 0.55557023 0,0.83146961 0.55557023 0,
  0.98078528 0.19509032 0,0.98078528 0.19509032 0,
  0.98078528 0.19509032 0,0.98078528 0.19509032 0,
  0.98078528 0.19509032 0,0.98078528 0.19509032 0,
  0.98078528 -0.19509032 0,0.98078528 -0.19509032 0,
  0.98078528 -0.19509032 0,0.98078528 -0.19509032 0,
  0.98078528 -0.19509032 0,0.98078528 -0.19509032 0,
  0.83146961 -0.55557023 0,0.83146961 -0.55557023 0,
  0.83146961 -0.55557023 0,0.83146961 -0.55557023 0,
  0.83146961 -0.55557023 0,0.83146961 -0.55557023 0,
  0.55557023 -0.83146961 0,0.55557023 -0.83146961 0,
  0.55557023 -0.83146961 0,0.55557023 -0.83146961 0,
  0.55557023 -0.83146961 0,0.55557023 -0.83146961 0,
  0.19509032 -0.98078528 0,0.19509032 -0.98078528 0,
  0.19509032 -0.98078528 0,0.19509032 -0.98078528 0,
  0.19509032 -0.98078528 0,0.19509032 -0.98078528 0,
  -0.19509032 -0.98078528 0,-0.19509032 -0.98078528 0,
  -0.19509032 -0.98078528 0,-0.19509032 -0.98078528 0,
  -0.19509032 -0.98078528 0,-0.19509032 -0.98078528 0,
  -0.55557023 -0.83146961 0,-0.55557023 -0.83146961 0,
  -0.55557023 -0.83146961 0,-0.55557023 -0.83146961 0,
  -0.55557023 -0.83146961 0,-0.55557023 -0.83146961 0,
  -0.83146961 -0.55557023 0,-0.83146961 -0.55557023 0,
  -0.83146961 -0.55557023 0,-0.83146961 -0.55557023 0,
  -0.83146961 -0.55557023 0,-0.83146961 -0.55557023 0,
  -0.98078528 -0.19509032 0,-0.98078528 -0.19509032 0,
  -0.98078528 -0.19509032 0,-0.98078528 -0.19509032 0,
  -0.98078528 -0.19509032 0,-0.98078528 -0.19509032 0,
  -0.98078528 0.19509032 0,-0.98078528 0.19509032 0,
  -0.98078528 0.19509032 0,-0.98078528 0.19509032 0,
  -0.98078528 0.19509032 0,-0.98078528 0.19509032 0,
  -0.83146961 0.55557023 0,-0.83146961 0.55557023 0,
  -0.83146961 0.55557023 0,-0.83146961 0.55557023 0,
  -0.83146961 0.55557023 0,-0.83146961 0.55557023 0,
  -0.55557023 0.83146961 0,-0.55557023 0.83146961 0,
  -0.55557023 0.83146961 0,-0.55557023 0.83146961 0,
  -0.55557023 0.83146961 0,-0.55557023 0.83146961 0,
  -0.19509032 0.98078528 0,-0.19509032 0.98078528 0,
  -0.19509032 0.98078528 0,-0.19509032 0.98078528 0,
  -0.19509032 0.98078528 0,-0.19509032 0.98078528 0,
  0.19509032 0.98078528 0,0.19509032 0.98078528 0,
  0.19509032 0.98078528 0,0.19509032 0.98078528 0,
  0.19509032 0.98078528 0,0.19509032 0.98078528 0,
  0.55557023 0.83146961 0,0.55557023 0.83146961 0,
  0.55557023 0.83146961 0,0.55557023 0.83146961 0,
  0.55557023 0.83146961 0,0.55557023 0.83146961 0,
  0.83146961 0.55557023 0,0.83146961 0.55557023 0,
  0.83146961 0.55557023 0,0.83146961 0.55557023 0,
  0.83146961 0.55557023 0,0.83146961 0.55557023 0,
  0.98078528 0.19509032 0,0.98078528 0.19509032 0,
  0.98078528 0.19509032 0,0.98078528 0.19509032 0,
  0.98078528 0.19509032 0,0.98078528 0.19509032 0,
  -0.010906726 0.99994052 0,-0.010906726 0.99994052 0,
  -0.010906726 0.99994052 0,-0.010906726 0.99994052 0,
  -0.010906726 0.99994052 0,-0.010906726 0.99994052 0,
  -0.08715595 0.99619468 0,-0.08715595 0.99619468 0,
  -0.08715595 0.99619468 0,-0.08715595 0.99619468 0,
  -0.08715595 0.99619468 0,-0.08715595 0.99619468 0,
  -0.17364729 0.98480791 0,-0.17364729 0.98480791 0,
  -0.17364729 0.98480791 0,-0.17364729 0.98480791 0,
  -0.17364729 0.98480791 0,-0.17364729 0.98480791 0,
  -0.25881928 0.96592576 0,-0.25881928 0.96592576 0,
  -0.25881928 0.96592576 0,-0.25881928 0.96592576 0,
  -0.25881928 0.96592576 0,-0.25881928 0.96592576 0,
  -0.3420194 0.93969289 0,-0.3420194 0.93969289 0,
  -0.3420194 0.93969289 0,-0.3420194 0.93969289 0,
  -0.3420194 0.93969289 0,-0.3420194 0.93969289 0,
  -0.42261787 0.90630797 0,-0.42261787 0.90630797 0,
  -0.42261787 0.90630797 0,-0.42261787 0.90630797 0,
  -0.42261787 0.90630797 0,-0.42261787 0.90630797 0,
  -0.50000022 0.86602528 0,-0.50000022 0.86602528 0,
  -0.50000022 0.86602528 0,-0.50000022 0.86602528 0,
  -0.50000022 0.86602528 0,-0.50000022 0.86602528 0,
  -0.57357722 0.8191515 0,-0.57357722 0.8191515 0,
  -0.57357722 0.8191515 0,-0.57357722 0.8191515 0,
  -0.57357722 0.8191515 0,-0.57357722 0.8191515 0,
  -0.64278691 0.76604503 0,-0.64278691 0.76604503 0,
  -0.64278691 0.76604503 0,-0.64278691 0.76604503 0,
  -0.64278691 0.76604503 0,-0.64278691 0.76604503 0,
  -0.70710678 0.70710678 0,-0.70710678 0.70710678 0,
  -0.70710678 0.70710678 0,-0.70710678 0.70710678 0,
  -0.70710678 0.70710678 0,-0.70710678 0.70710678 0,
  -0.76604503 0.64278691 0,-0.76604503 0.64278691 0,
  -0.76604503 0.64278691 0,-0.76604503 0.64278691 0,
  -0.76604503 0.64278691 0,-0.76604503 0.64278691 0,
  -0.8191515 0.57357722 0,-0.8191515 0.57357722 0,
  -0.8191515 0.57357722 0,-0.8191515 0.57357722 0,
  -0.8191515 0.57357722 0,-0.8191515 0.57357722 0,
  -0.86602528 0.50000022 0,-0.86602528 0.50000022 0,
  -0.86602528 0.50000022 0,-0.86602528 0.50000022 0,
  -0.86602528 0.50000022 0,-0.86602528 0.50000022 0,
  -0.90630797 0.42261787 0,-0.90630797 0.42261787 0,
  -0.90630797 0.42261787 0,-0.90630797 0.42261787 0,
  -0.90630797 0.42261787 0,-0.90630797 0.42261787 0,
  -0.93969289 0.3420194 0,-0.93969289 0.3420194 0,
  -0.93969289 0.3420194 0,-0.93969289 0.3420194 0,
  -0.93969289 0.3420194 0,-0.93969289 0.3420194 0,
  -0.96592576 0.25881928 0,-0.96592576 0.25881928 0,
  -0.96592576 0.25881928 0,-0.96592576 0.25881928 0,
  -0.96592576 0.25881928 0,-0.96592576 0.25881928 0,
  -0.98480791 0.17364729 0,-0.98480791 0.17364729 0,
  -0.98480791 0.17364729 0,-0.98480791 0.17364729 0,
  -0.98480791 0.17364729 0,-0.98480791 0.17364729 0,
  -0.99619468 0.08715595 0,-0.99619468 0.08715595 0,
  -0.99619468 0.08715595 0,-0.99619468 0.08715595 0,
  -0.99619468 0.08715595 0,-0.99619468 0.08715595 0,
  -0.99994052 0.010906726 0,-0.99994052 0.010906726 0,
  -0.99994052 0.010906726 0,-0.99994052 0.010906726 0,
  -0.99994052 0.010906726 0,-0.99994052 0.010906726 0,
  -1 0 0,-1 0 0,
  -1 0 0,-1 0 0,
  -1 0 0,-1 0 0,
  -0.99994052 -0.010906726 0,-0.99994052 -0.010906726 0,
  -0.99994052 -0.010906726 0,-0.99994052 -0.010906726 0,
  -0.99994052 -0.010906726 0,-0.99994052 -0.010906726 0,
  -0.99619468 -0.08715595 0,-0.99619468 -0.08715595 0,
  -0.99619468 -0.08715595 0,-0.99619468 -0.08715595 0,
  -0.99619468 -0.08715595 0,-0.99619468 -0.08715595 0,
  -0.98480791 -0.17364729 0,-0.98480791 -0.17364729 0,
  -0.98480791 -0.17364729 0,-0.98480791 -0.17364729 0,
  -0.98480791 -0.17364729 0,-0.98480791 -0.17364729 0,
  -0.96592576 -0.25881928 0,-0.96592576 -0.25881928 0,
  -0.96592576 -0.25881928 0,-0.96592576 -0.25881928 0,
  -0.96592576 -0.25881928 0,-0.96592576 -0.25881928 0,
  -0.93969289 -0.3420194 0,-0.93969289 -0.3420194 0,
  -0.93969289 -0.3420194 0,-0.93969289 -0.3420194 0,
  -0.93969289 -0.3420194 0,-0.93969289 -0.3420194 0,
  -0.90630797 -0.42261787 0,-0.90630797 -0.42261787 0,
  -0.90630797 -0.42261787 0,-0.90630797 -0.42261787 0,
  -0.90630797 -0.42261787 0,-0.90630797 -0.42261787 0,
  -0.86602528 -0.50000022 0,-0.86602528 -0.50000022 0,
  -0.86602528 -0.50000022 0,-0.86602528 -0.50000022 0,
  -0.86602528 -0.50000022 0,-0.86602528 -0.50000022 0,
  -0.8191515 -0.57357722 0,-0.8191515 -0.57357722 0,
  -0.8191515 -0.57357722 0,-0.8191515 -0.57357722 0,
  -0.8191515 -0.57357722 0,-0.8191515 -0.57357722 0,
  -0.76604503 -0.64278691 0,-0.76604503 -0.64278691 0,
  -0.76604503 -0.64278691 0,-0.76604503 -0.64278691 0,
  -0.76604503 -0.64278691 0,-0.76604503 -0.64278691 0,
  -0.70710678 -0.70710678 0,-0.70710678 -0.70710678 0,
  -0.70710678 -0.70710678 0,-0.70710678 -0.70710678 0,
  -0.70710678 -0.70710678 0,-0.70710678 -0.70710678 0,
  -0.64278691 -0.76604503 0,-0.64278691 -0.76604503 0,
  -0.64278691 -0.76604503 0,-0.64278691 -0.76604503 0,
  -0.64278691 -0.76604503 0,-0.64278691 -0.76604503 0,
  -0.57357722 -0.8191515 0,-0.57357722 -0.8191515 0,
  -0.57357722 -0.8191515 0,-0.57357722 -0.8191515 0,
  -0.57357722 -0.8191515 0,-0.57357722 -0.8191515 0,
  -0.50000022 -0.86602528 0,-0.50000022 -0.86602528 0,
  -0.50000022 -0.86602528 0,-0.50000022 -0.86602528 0,
  -0.50000022 -0.86602528 0,-0.50000022 -0.86602528 0,
  -0.42261787 -0.90630797 0,-0.42261787 -0.90630797 0,
  -0.42261787 -0.90630797 0,-0.42261787 -0.90630797 0,
  -0.42261787 -0.90630797 0,-0.42261787 -0.90630797 0,
  -0.3420194 -0.93969289 0,-0.3420194 -0.93969289 0,
  -0.3420194 -0.93969289 0,-0.3420194 -0.93969289 0,
  -0.3420194 -0.93969289 0,-0.3420194 -0.93969289 0,
  -0.25881928 -0.96592576 0,-0.25881928 -0.96592576 0,
  -0.25881928 -0.96592576 0,-0.25881928 -0.96592576 0,
  -0.25881928 -0.96592576 0,-0.25881928 -0.96592576 0,
  -0.17364729 -0.98480791 0,-0.17364729 -0.98480791 0,
  -0.17364729 -0.98480791 0,-0.17364729 -0.98480791 0,
  -0.17364729 -0.98480791 0,-0.17364729 -0.98480791 0,
  -0.08715595 -0.99619468 0,-0.08715595 -0.99619468 0,
  -0.08715595 -0.99619468 0,-0.08715595 -0.99619468 0,
  -0.08715595 -0.99619468 0,-0.08715595 -0.99619468 0,
  -0.010906726 -0.99994052 0,-0.010906726 -0.99994052 0,
  -0.010906726 -0.99994052 0,-0.010906726 -0.99994052 0,
  -0.010906726 -0.99994052 0,-0.010906726 -0.99994052 0,
  0 -1 0,0 -1 0,
  0 -1 0,0 -1 0,
  0 -1 0,0 -1 0,
  0.010906726 -0.99994052 0,0.010906726 -0.99994052 0,
  0.010906726 -0.99994052 0,0.010906726 -0.99994052 0,
  0.010906726 -0.99994052 0,0.010906726 -0.99994052 0,
  0.08715595 -0.99619468 0,0.08715595 -0.99619468 0,
  0.08715595 -0.99619468 0,0.08715595 -0.99619468 0,
  0.08715595 -0.99619468 0,0.08715595 -0.99619468 0,
  0.17364729 -0.98480791 0,0.17364729 -0.98480791 0,
  0.17364729 -0.98480791 0,0.17364729 -0.98480791 0,
  0.17364729 -0.98480791 0,0.17364729 -0.98480791 0,
  0.25881928 -0.96592576 0,0.25881928 -0.96592576 0,
  0.25881928 -0.96592576 0,0.25881928 -0.96592576 0,
  0.25881928 -0.96592576 0,0.25881928 -0.96592576 0,
  0.3420194 -0.93969289 0,0.3420194 -0.93969289 0,
  0.3420194 -0.93969289 0,0.3420194 -0.93969289 0,
  0.3420194 -0.93969289 0,0.3420194 -0.93969289 0,
  0.42261787 -0.90630797 0,0.42261787 -0.90630797 0,
  0.42261787 -0.90630797 0,0.42261787 -0.90630797 0,
  0.42261787 -0.90630797 0,0.42261787 -0.90630797 0,
  0.50000022 -0.86602528 0,0.50000022 -0.86602528 0,
  0.50000022 -0.86602528 0,0.50000022 -0.86602528 0,
  0.50000022 -0.86602528 0,0.50000022 -0.86602528 0,
  0.57357722 -0.8191515 0,0.57357722 -0.8191515 0,
  0.57357722 -0.8191515 0,0.57357722 -0.8191515 0,
  0.57357722 -0.8191515 0,0.57357722 -0.8191515 0,
  0.64278691 -0.76604503 0,0.64278691 -0.76604503 0,
  0.64278691 -0.76604503 0,0.64278691 -0.76604503 0,
  0.64278691 -0.76604503 0,0.64278691 -0.76604503 0,
  0.70710678 -0.70710678 0,0.70710678 -0.70710678 0,
  0.70710678 -0.70710678 0,0.70710678 -0.70710678 0,
  0.70710678 -0.70710678 0,0.70710678 -0.70710678 0,
  0.76604503 -0.64278691 0,0.76604503 -0.64278691 0,
  0.76604503 -0.64278691 0,0.76604503 -0.64278691 0,
  0.76604503 -0.64278691 0,0.76604503 -0.64278691 0,
  0.8191515 -0.57357722 0,0.8191515 -0.57357722 0,
  0.8191515 -0.57357722 0,0.8191515 -0.57357722 0,
  0.8191515 -0.57357722 0,0.8191515 -0.57357722 0,
  0.86602528 -0.50000022 0,0.86602528 -0.50000022 0,
  0.86602528 -0.50000022 0,0.86602528 -0.50000022 0,
  0.86602528 -0.50000022 0,0.86602528 -0.50000022 0,
  0.90630797 -0.42261787 0,0.90630797 -0.42261787 0,
  0.90630797 -0.42261787 0,0.90630797 -0.42261787 0,
  0.90630797 -0.42261787 0,0.90630797 -0.42261787 0,
  0.93969289 -0.3420194 0,0.93969289 -0.3420194 0,
  0.93969289 -0.3420194 0,0.93969289 -0.3420194 0,
  0.93969289 -0.3420194 0,0.93969289 -0.3420194 0,
  0.96592576 -0.25881928 0,0.96592576 -0.25881928 0,
  0.96592576 -0.25881928 0,0.96592576 -0.25881928 0,
  0.96592576 -0.25881928 0,0.96592576 -0.25881928 0,
  0.98480791 -0.17364729 0,0.98480791 -0.17364729 0,
  0.98480791 -0.17364729 0,0.98480791 -0.17364729 0,
  0.98480791 -0.17364729 0,0.98480791 -0.17364729 0,
  0.99619468 -0.08715595 0,0.99619468 -0.08715595 0,
  0.99619468 -0.08715595 0,0.99619468 -0.08715595 0,
  0.99619468 -0.08715595 0,0.99619468 -0.08715595 0,
  0.99994052 -0.010906726 0,0.99994052 -0.010906726 0,
  0.99994052 -0.010906726 0,0.99994052 -0.010906726 0,
  0.99994052 -0.010906726 0,0.99994052 -0.010906726 0,
  1 0 0,1 0 0,
  1 0 0,1 0 0,
  1 0 0,1 0 0,
  0.99994052 0.010906726 0,0.99994052 0.010906726 0,
  0.99994052 0.010906726 0,0.99994052 0.010906726 0,
  0.99994052 0.010906726 0,0.99994052 0.010906726 0,
  0.99619468 0.08715595 0,0.99619468 0.08715595 0,
  0.99619468 0.08715595 0,0.99619468 0.08715595 0,
  0.99619468 0.08715595 0,0.99619468 0.08715595 0,
  0.98480791 0.17364729 0,0.98480791 0.17364729 0,
  0.98480791 0.17364729 0,0.98480791 0.17364729 0,
  0.98480791 0.17364729 0,0.98480791 0.17364729 0,
  0.96592576 0.25881928 0,0.96592576 0.25881928 0,
  0.96592576 0.25881928 0,0.96592576 0.25881928 0,
  0.96592576 0.25881928 0,0.96592576 0.25881928 0,
  0.93969289 0.3420194 0,0.93969289 0.3420194 0,
  0.93969289 0.3420194 0,0.93969289 0.3420194 0,
  0.93969289 0.3420194 0,0.93969289 0.3420194 0,
  0.90630797 0.42261787 0,0.90630797 0.42261787 0,
  0.90630797 0.42261787 0,0.90630797 0.42261787 0,
  0.90630797 0.42261787 0,0.90630797 0.42261787 0,
  0.86602528 0.50000022 0,0.86602528 0.50000022 0,
  0.86602528 0.50000022 0,0.86602528 0.50000022 0,
  0.86602528 0.50000022 0,0.86602528 0.50000022 0,
  0.8191515 0.57357722 0,0.8191515 0.57357722 0,
  0.8191515 0.57357722 0,0.8191515 0.57357722 0,
  0.8191515 0.57357722 0,0.8191515 0.57357722 0,
  0.76604503 0.64278691 0,0.76604503 0.64278691 0,
  0.76604503 0.64278691 0,0.76604503 0.64278691 0,
  0.76604503 0.64278691 0,0.76604503 0.64278691 0,
  0.70710678 0.70710678 0,0.70710678 0.70710678 0,
  0.70710678 0.70710678 0,0.70710678 0.70710678 0,
  0.70710678 0.70710678 0,0.70710678 0.70710678 0,
  0.64278691 0.76604503 0,0.64278691 0.76604503 0,
  0.64278691 0.76604503 0,0.64278691 0.76604503 0,
  0.64278691 0.76604503 0,0.64278691 0.76604503 0,
  0.57357722 0.8191515 0,0.57357722 0.8191515 0,
  0.57357722 0.8191515 0,0.57357722 0.8191515 0,
  0.57357722 0.8191515 0,0.57357722 0.8191515 0,
  0.50000022 0.86602528 0,0.50000022 0.86602528 0,
  0.50000022 0.86602528 0,0.50000022 0.86602528 0,
  0.50000022 0.86602528 0,0.50000022 0.86602528 0,
  0.42261787 0.90630797 0,0.42261787 0.90630797 0,
  0.42261787 0.90630797 0,0.42261787 0.90630797 0,
  0.42261787 0.90630797 0,0.42261787 0.90630797 0,
  0.3420194 0.93969289 0,0.3420194 0.93969289 0,
  0.3420194 0.93969289 0,0.3420194 0.93969289 0,
  0.3420194 0.93969289 0,0.3420194 0.93969289 0,
  0.25881928 0.96592576 0,0.25881928 0.96592576 0,
  0.25881928 0.96592576 0,0.25881928 0.96592576 0,
  0.25881928 0.96592576 0,0.25881928 0.96592576 0,
  0.17364729 0.98480791 0,0.17364729 0.98480791 0,
  0.17364729 0.98480791 0,0.17364729 0.98480791 0,
  0.17364729 0.98480791 0,0.17364729 0.98480791 0,
  0.08715595 0.99619468 0,0.08715595 0.99619468 0,
  0.08715595 0.99619468 0,0.08715595 0.99619468 0,
  0.08715595 0.99619468 0,0.08715595 0.99619468 0,
  0.010906726 0.99994052 0,0.010906726 0.99994052 0,
  0.010906726 0.99994052 0,0.010906726 0.99994052 0,
  0.010906726 0.99994052 0,0.010906726 0.99994052 0,
  0 1 0,0 1 0,
  0 1 0,0 1 0,
  0 1 0,0 1 0,
  0.98078528 -0.19509032 0,0.98078528 -0.19509032 0,
  0.98078528 -0.19509032 0,0.98078528 -0.19509032 0,
  0.98078528 -0.19509032 0,0.98078528 -0.19509032 0,
  0.83146961 -0.55557023 0,0.83146961 -0.55557023 0,
  0.83146961 -0.55557023 0,0.83146961 -0.55557023 0,
  0.83146961 -0.55557023 0,0.83146961 -0.55557023 0,
  0.55557023 -0.83146961 0,0.55557023 -0.83146961 0,
  0.55557023 -0.83146961 0,0.55557023 -0.83146961 0,
  0.55557023 -0.83146961 0,0.55557023 -0.83146961 0,
  0.19509032 -0.98078528 0,0.19509032 -0.98078528 0,
  0.19509032 -0.98078528 0,0.19509032 -0.98078528 0,
  0.19509032 -0.98078528 0,0.19509032 -0.98078528 0,
  -0.19509032 -0.98078528 0,-0.19509032 -0.98078528 0,
  -0.19509032 -0.98078528 0,-0.19509032 -0.98078528 0,
  -0.19509032 -0.98078528 0,-0.19509032 -0.98078528 0,
  -0.55557023 -0.83146961 0,-0.55557023 -0.83146961 0,
  -0.55557023 -0.83146961 0,-0.55557023 -0.83146961 0,
  -0.55557023 -0.83146961 0,-0.55557023 -0.83146961 0,
  -0.83146961 -0.55557023 0,-0.83146961 -0.55557023 0,
  -0.83146961 -0.55557023 0,-0.83146961 -0.55557023 0,
  -0.83146961 -0.55557023 0,-0.83146961 -0.55557023 0,
  -0.98078528 -0.19509032 0,-0.98078528 -0.19509032 0,
  -0.98078528 -0.19509032 0,-0.98078528 -0.19509032 0,
  -0.98078528 -0.19509032 0,-0.98078528 -0.19509032 0,
  -0.98078528 0.19509032 0,-0.98078528 0.19509032 0,
  -0.98078528 0.19509032 0,-0.98078528 0.19509032 0,
  -0.98078528 0.19509032 0,-0.98078528 0.19509032 0,
  -0.83146961 0.55557023 0,-0.83146961 0.55557023 0,
  -0.83146961 0.55557023 0,-0.83146961 0.55557023 0,
  -0.83146961 0.55557023 0,-0.83146961 0.55557023 0,
  -0.55557023 0.83146961 0,-0.55557023 0.83146961 0,
  -0.55557023 0.83146961 0,-0.55557023 0.83146961 0,
  -0.55557023 0.83146961 0,-0.55557023 0.83146961 0,
  -0.19509032 0.98078528 0,-0.19509032 0.98078528 0,
  -0.19509032 0.98078528 0,-0.19509032 0.98078528 0,
  -0.19509032 0.98078528 0,-0.19509032 0.98078528 0,
  0.19509032 0.98078528 0,0.19509032 0.98078528 0,
  0.19509032 0.98078528 0,0.19509032 0.98078528 0,
  0.19509032 0.98078528 0,0.19509032 0.98078528 0,
  0.55557023 0.83146961 0,0.55557023 0.83146961 0,
  0.55557023 0.83146961 0,0.55557023 0.83146961 0,
  0.55557023 0.83146961 0,0.55557023 0.83146961 0,
  0.83146961 0.55557023 0,0.83146961 0.55557023 0,
  0.83146961 0.55557023 0,0.83146961 0.55557023 0,
  0.83146961 0.55557023 0,0.83146961 0.55557023 0,
  0.98078528 0.19509032 0,0.98078528 0.19509032 0,
  0.98078528 0.19509032 0,0.98078528 0.19509032 0,
  0.98078528 0.19509032 0,0.98078528 0.19509032 0] }
}
}
] }
DEF TXFM_3 Transform {
  center 0 0 0
  rotation 0 0 1 0
  scale 1 1 1
  scaleOrientation 0 0 1 0
  translation 0 0 0
 children [
DEF SHAPE_3 Shape {
 appearance DEF APP_2 Appearance {
  material Material {
   ambientIntensity 1
   diffuseColor 0.75 0.61000001 0.23
   emissiveColor 0 0 0
   shininess 0.89999998
   specularColor 0.89999998 0.84399998 0.69199997
   transparency 0
} }
 geometry DEF FACE_3 IndexedFaceSet {
  coord DEF COORD_3 Coordinate { point [
  15.246063 25.522638 0.31496063,15.246063 25.083661 0.31496063,
  21.09252 25.083661 0.31496063,21.190945 25.083661 0.31496063,
  21.190945 27.121063 0.31496063,21.09252 27.121063 0.31496063,
  21.09252 25.182087 0.31496063,15.344488 25.182087 0.31496063,
  15.344488 25.522638 0.31496063,20.866142 28.902559 0.31496063,
  15.344488 28.902559 0.31496063,15.246063 28.902559 0.31496063,
  15.246063 26.46752 0.31496063,15.344488 26.46752 0.31496063,
  15.344488 28.804134 0.31496063,20.866142 28.804134 0.31496063,
  20.991091 27.884057 0.31496063,20.969289 27.862255 0.31496063,
  20.953872 27.835553 0.31496063,20.945893 27.805771 0.31496063,
  20.945893 27.774938 0.31496063,20.953872 27.745156 0.31496063,
  20.969289 27.718454 0.31496063,20.991091 27.696651 0.31496063,
  21.017793 27.681235 0.31496063,21.047576 27.673255 0.31496063,
  21.078409 27.673255 0.31496063,21.108191 27.681235 0.31496063,
  21.134893 27.696651 0.31496063,21.156695 27.718454 0.31496063,
  21.172112 27.745156 0.31496063,21.180092 27.774938 0.31496063,
  21.180092 27.805771 0.31496063,21.172112 27.835553 0.31496063,
  21.156695 27.862255 0.31496063,21.134893 27.884057 0.31496063,
  21.108191 27.899474 0.31496063,21.078409 27.907454 0.31496063,
  21.047576 27.907454 0.31496063,21.017793 27.899474 0.31496063,
  21.001969 27.790354 0.31496063,21.006614 27.813707 0.31496063,
  21.019842 27.833505 0.31496063,21.039639 27.846733 0.31496063,
  21.062992 27.851378 0.31496063,21.086345 27.846733 0.31496063,
  21.106142 27.833505 0.31496063,21.119371 27.813707 0.31496063,
  21.124016 27.790354 0.31496063,21.119371 27.767002 0.31496063,
  21.106142 27.747204 0.31496063,21.086345 27.733976 0.31496063,
  21.062992 27.729331 0.31496063,21.039639 27.733976 0.31496063,
  21.019842 27.747204 0.31496063,21.006614 27.767002 0.31496063,
  20.991091 27.411617 0.31496063,20.969289 27.389814 0.31496063,
  20.953872 27.363112 0.31496063,20.945893 27.33333 0.31496063,
  20.945893 27.302497 0.31496063,20.953872 27.272715 0.31496063,
  20.969289 27.246013 0.31496063,20.991091 27.22421 0.31496063,
  21.017793 27.208794 0.31496063,21.047576 27.200814 0.31496063,
  21.078409 27.200814 0.31496063,21.108191 27.208794 0.31496063,
  21.134893 27.22421 0.31496063,21.156695 27.246013 0.31496063,
  21.172112 27.272715 0.31496063,21.180092 27.302497 0.31496063,
  21.180092 27.33333 0.31496063,21.172112 27.363112 0.31496063,
  21.156695 27.389814 0.31496063,21.134893 27.411617 0.31496063,
  21.108191 27.427033 0.31496063,21.078409 27.435013 0.31496063,
  21.047576 27.435013 0.31496063,21.017793 27.427033 0.31496063,
  21.001969 27.317913 0.31496063,21.006614 27.341266 0.31496063,
  21.019842 27.361064 0.31496063,21.039639 27.374292 0.31496063,
  21.062992 27.378937 0.31496063,21.086345 27.374292 0.31496063,
  21.106142 27.361064 0.31496063,21.119371 27.341266 0.31496063,
  21.124016 27.317913 0.31496063,21.119371 27.294561 0.31496063,
  21.106142 27.274763 0.31496063,21.086345 27.261535 0.31496063,
  21.062992 27.25689 0.31496063,21.039639 27.261535 0.31496063,
  21.019842 27.274763 0.31496063,21.006614 27.294561 0.31496063,
  20.991091 28.356498 0.31496063,20.969289 28.334696 0.31496063,
  20.953872 28.307994 0.31496063,20.945893 28.278212 0.31496063,
  20.945893 28.247379 0.31496063,20.953872 28.217596 0.31496063,
  20.969289 28.190894 0.31496063,20.991091 28.169092 0.31496063,
  21.017793 28.153676 0.31496063,21.047576 28.145696 0.31496063,
  21.078409 28.145696 0.31496063,21.108191 28.153676 0.31496063,
  21.134893 28.169092 0.31496063,21.156695 28.190894 0.31496063,
  21.172112 28.217596 0.31496063,21.180092 28.247379 0.31496063,
  21.180092 28.278212 0.31496063,21.172112 28.307994 0.31496063,
  21.156695 28.334696 0.31496063,21.134893 28.356498 0.31496063,
  21.108191 28.371915 0.31496063,21.078409 28.379895 0.31496063,
  21.047576 28.379895 0.31496063,21.017793 28.371915 0.31496063,
  21.001969 28.262795 0.31496063,21.006614 28.286148 0.31496063,
  21.019842 28.305945 0.31496063,21.039639 28.319174 0.31496063,
  21.062992 28.323819 0.31496063,21.086345 28.319174 0.31496063,
  21.106142 28.305945 0.31496063,21.119371 28.286148 0.31496063,
  21.124016 28.262795 0.31496063,21.119371 28.239443 0.31496063,
  21.106142 28.219645 0.31496063,21.086345 28.206417 0.31496063,
  21.062992 28.201772 0.31496063,21.039639 28.206417 0.31496063,
  21.019842 28.219645 0.31496063,21.006614 28.239443 0.31496063,
  20.991091 28.828939 0.31496063,20.969289 28.807137 0.31496063,
  20.953872 28.780435 0.31496063,20.945893 28.750653 0.31496063,
  20.945893 28.71982 0.31496063,20.953872 28.690037 0.31496063,
  20.969289 28.663335 0.31496063,20.991091 28.641533 0.31496063,
  21.017793 28.626117 0.31496063,21.047576 28.618137 0.31496063,
  21.078409 28.618137 0.31496063,21.108191 28.626117 0.31496063,
  21.134893 28.641533 0.31496063,21.156695 28.663335 0.31496063,
  21.172112 28.690037 0.31496063,21.180092 28.71982 0.31496063,
  21.180092 28.750653 0.31496063,21.172112 28.780435 0.31496063,
  21.156695 28.807137 0.31496063,21.134893 28.828939 0.31496063,
  21.108191 28.844356 0.31496063,21.078409 28.852336 0.31496063,
  21.047576 28.852336 0.31496063,21.017793 28.844356 0.31496063,
  21.001969 28.735236 0.31496063,21.006614 28.758589 0.31496063,
  21.019842 28.778386 0.31496063,21.039639 28.791615 0.31496063,
  21.062992 28.79626 0.31496063,21.086345 28.791615 0.31496063,
  21.106142 28.778386 0.31496063,21.119371 28.758589 0.31496063,
  21.124016 28.735236 0.31496063,21.119371 28.711883 0.31496063,
  21.106142 28.692086 0.31496063,21.086345 28.678858 0.31496063,
  21.062992 28.674213 0.31496063,21.039639 28.678858 0.31496063,
  21.019842 28.692086 0.31496063,21.006614 28.711883 0.31496063,
  15.311957 26.285632 0.31496063,15.290155 26.26383 0.31496063,
  15.274739 26.237128 0.31496063,15.266759 26.207346 0.31496063,
  15.266759 26.176513 0.31496063,15.274739 26.14673 0.31496063,
  15.290155 26.120028 0.31496063,15.311957 26.098226 0.31496063,
  15.338659 26.082809 0.31496063,15.368442 26.07483 0.31496063,
  15.399275 26.07483 0.31496063,15.429057 26.082809 0.31496063,
  15.455759 26.098226 0.31496063,15.477561 26.120028 0.31496063,
  15.492978 26.14673 0.31496063,15.500958 26.176513 0.31496063,
  15.500958 26.207346 0.31496063,15.492978 26.237128 0.31496063,
  15.477561 26.26383 0.31496063,15.455759 26.285632 0.31496063,
  15.429057 26.301049 0.31496063,15.399275 26.309029 0.31496063,
  15.368442 26.309029 0.31496063,15.338659 26.301049 0.31496063,
  15.322835 26.191929 0.31496063,15.32748 26.215282 0.31496063,
  15.340708 26.235079 0.31496063,15.360506 26.248308 0.31496063,
  15.383858 26.252953 0.31496063,15.407211 26.248308 0.31496063,
  15.427008 26.235079 0.31496063,15.440237 26.215282 0.31496063,
  15.444882 26.191929 0.31496063,15.440237 26.168576 0.31496063,
  15.427008 26.148779 0.31496063,15.407211 26.135551 0.31496063,
  15.383858 26.130906 0.31496063,15.360506 26.135551 0.31496063,
  15.340708 26.148779 0.31496063,15.32748 26.168576 0.31496063,
  15.311957 25.891931 0.31496063,15.290155 25.870129 0.31496063,
  15.274739 25.843427 0.31496063,15.266759 25.813645 0.31496063,
  15.266759 25.782812 0.31496063,15.274739 25.75303 0.31496063,
  15.290155 25.726328 0.31496063,15.311957 25.704525 0.31496063,
  15.338659 25.689109 0.31496063,15.368442 25.681129 0.31496063,
  15.399275 25.681129 0.31496063,15.429057 25.689109 0.31496063,
  15.455759 25.704525 0.31496063,15.477561 25.726328 0.31496063,
  15.492978 25.75303 0.31496063,15.500958 25.782812 0.31496063,
  15.500958 25.813645 0.31496063,15.492978 25.843427 0.31496063,
  15.477561 25.870129 0.31496063,15.455759 25.891931 0.31496063,
  15.429057 25.907348 0.31496063,15.399275 25.915328 0.31496063,
  15.368442 25.915328 0.31496063,15.338659 25.907348 0.31496063,
  15.322835 25.798228 0.31496063,15.32748 25.821581 0.31496063,
  15.340708 25.841379 0.31496063,15.360506 25.854607 0.31496063,
  15.383858 25.859252 0.31496063,15.407211 25.854607 0.31496063,
  15.427008 25.841379 0.31496063,15.440237 25.821581 0.31496063,
  15.444882 25.798228 0.31496063,15.440237 25.774876 0.31496063,
  15.427008 25.755078 0.31496063,15.407211 25.74185 0.31496063,
  15.383858 25.737205 0.31496063,15.360506 25.74185 0.31496063,
  15.340708 25.755078 0.31496063,15.32748 25.774876 0.31496063] }
 coordIndex [
  7,8,0,-1,7,0,1,-1,7,1,2,-1,7,2,6,-1,3,4,5,-1,3,5,6,-1,3,6,2,-1,10,11,13,-1,
  10,13,14,-1,10,14,15,-1,10,15,9,-1,48,28,35,-1,35,28,29,-1,35,29,34,-1,34,29,30,-1,34,30,33,-1,
  33,30,31,-1,33,31,32,-1,45,46,36,-1,36,46,47,-1,36,47,35,-1,35,47,48,-1,42,43,38,-1,38,43,44,-1,
  38,44,37,-1,37,44,45,-1,37,45,36,-1,39,16,40,-1,39,40,41,-1,39,41,42,-1,39,42,38,-1,49,50,27,-1,
  49,27,28,-1,49,28,48,-1,53,25,52,-1,52,25,26,-1,52,26,51,-1,51,26,27,-1,51,27,50,-1,54,55,24,-1,
  54,24,25,-1,54,25,53,-1,40,16,23,-1,40,23,24,-1,40,24,55,-1,19,21,18,-1,18,21,22,-1,18,22,17,-1,
  17,22,23,-1,17,23,16,-1,88,68,75,-1,75,68,69,-1,75,69,74,-1,74,69,70,-1,74,70,73,-1,73,70,71,-1,
  73,71,72,-1,85,86,76,-1,76,86,87,-1,76,87,75,-1,75,87,88,-1,82,83,78,-1,78,83,84,-1,78,84,77,-1,
  77,84,85,-1,77,85,76,-1,79,56,80,-1,79,80,81,-1,79,81,82,-1,79,82,78,-1,89,90,67,-1,89,67,68,-1,
  89,68,88,-1,93,65,92,-1,92,65,66,-1,92,66,91,-1,91,66,67,-1,91,67,90,-1,94,95,64,-1,94,64,65,-1,
  94,65,93,-1,80,56,63,-1,80,63,64,-1,80,64,95,-1,59,61,58,-1,58,61,62,-1,58,62,57,-1,57,62,63,-1,
  57,63,56,-1,128,108,115,-1,115,108,109,-1,115,109,114,-1,114,109,110,-1,114,110,113,-1,113,110,111,-1,113,111,112,-1,
  125,126,116,-1,116,126,127,-1,116,127,115,-1,115,127,128,-1,122,123,118,-1,118,123,124,-1,118,124,117,-1,117,124,125,-1,
  117,125,116,-1,119,96,120,-1,119,120,121,-1,119,121,122,-1,119,122,118,-1,129,130,107,-1,129,107,108,-1,129,108,128,-1,
  133,105,132,-1,132,105,106,-1,132,106,131,-1,131,106,107,-1,131,107,130,-1,134,135,104,-1,134,104,105,-1,134,105,133,-1,
  120,96,103,-1,120,103,104,-1,120,104,135,-1,99,101,98,-1,98,101,102,-1,98,102,97,-1,97,102,103,-1,97,103,96,-1,
  168,148,155,-1,155,148,149,-1,155,149,154,-1,154,149,150,-1,154,150,153,-1,153,150,151,-1,153,151,152,-1,165,166,156,-1,
  156,166,167,-1,156,167,155,-1,155,167,168,-1,162,163,158,-1,158,163,164,-1,158,164,157,-1,157,164,165,-1,157,165,156,-1,
  159,136,160,-1,159,160,161,-1,159,161,162,-1,159,162,158,-1,169,170,147,-1,169,147,148,-1,169,148,168,-1,173,145,172,-1,
  172,145,146,-1,172,146,171,-1,171,146,147,-1,171,147,170,-1,174,175,144,-1,174,144,145,-1,174,145,173,-1,160,136,143,-1,
  160,143,144,-1,160,144,175,-1,139,141,138,-1,138,141,142,-1,138,142,137,-1,137,142,143,-1,137,143,136,-1,208,188,195,-1,
  195,188,189,-1,195,189,194,-1,194,189,190,-1,194,190,193,-1,193,190,191,-1,193,191,192,-1,205,206,196,-1,196,206,207,-1,
  196,207,195,-1,195,207,208,-1,202,203,198,-1,198,203,204,-1,198,204,197,-1,197,204,205,-1,197,205,196,-1,199,176,200,-1,
  199,200,201,-1,199,201,202,-1,199,202,198,-1,209,210,187,-1,209,187,188,-1,209,188,208,-1,213,185,212,-1,212,185,186,-1,
  212,186,211,-1,211,186,187,-1,211,187,210,-1,214,215,184,-1,214,184,185,-1,214,185,213,-1,200,176,183,-1,200,183,184,-1,
  200,184,215,-1,179,181,178,-1,178,181,182,-1,178,182,177,-1,177,182,183,-1,177,183,176,-1,248,228,235,-1,235,228,229,-1,
  235,229,234,-1,234,229,230,-1,234,230,233,-1,233,230,231,-1,233,231,232,-1,245,246,236,-1,236,246,247,-1,236,247,235,-1,
  235,247,248,-1,242,243,238,-1,238,243,244,-1,238,244,237,-1,237,244,245,-1,237,245,236,-1,239,216,240,-1,239,240,241,-1,
  239,241,242,-1,239,242,238,-1,249,250,227,-1,249,227,228,-1,249,228,248,-1,253,225,252,-1,252,225,226,-1,252,226,251,-1,
  251,226,227,-1,251,227,250,-1,254,255,224,-1,254,224,225,-1,254,225,253,-1,240,216,223,-1,240,223,224,-1,240,224,255,-1,
  219,221,218,-1,218,221,222,-1,218,222,217,-1,217,222,223,-1,217,223,216,-1,221,219,220,-1,181,179,180,-1,141,139,140,-1,
  101,99,100,-1,61,59,60,-1,21,19,20,-1,13,11,12,-1]
  normalPerVertex TRUE
  normal DEF NORM_3 Normal { vector [
  0 0 1,0 0 1,
  0 0 1,0 0 1,
  0 0 1,0 0 1,
  0 0 1,0 0 1,
  0 0 1,0 0 1,
  0 0 1,0 0 1,
  0 0 1,0 0 1,
  0 0 1,0 0 1,
  0 0 1,0 0 1,
  0 0 1,0 0 1,
  0 0 1,0 0 1,
  0 0 1,0 0 1,
  0 0 1,0 0 1,
  0 0 1,0 0 1,
  0 0 1,0 0 1,
  0 0 1,0 0 1,
  0 0 1,0 0 1,
  0 0 1,0 0 1,
  0 0 1,0 0 1,
  0 0 1,0 0 1,
  0 0 1,0 0 1,
  0 0 1,0 0 1,
  0 0 1,0 0 1,
  0 0 1,0 0 1,
  0 0 1,0 0 1,
  0 0 1,0 0 1,
  0 0 1,0 0 1,
  0 0 1,0 0 1,
  0 0 1,0 0 1,
  0 0 1,0 0 1,
  0 0 1,0 0 1,
  0 0 1,0 0 1,
  0 0 1,0 0 1,
  0 0 1,0 0 1,
  0 0 1,0 0 1,
  0 0 1,0 0 1,
  0 0 1,0 0 1,
  0 0 1,0 0 1,
  0 0 1,0 0 1,
  0 0 1,0 0 1,
  0 0 1,0 0 1,
  0 0 1,0 0 1,
  0 0 1,0 0 1,
  0 0 1,0 0 1,
  0 0 1,0 0 1,
  0 0 1,0 0 1,
  0 0 1,0 0 1,
  0 0 1,0 0 1,
  0 0 1,0 0 1,
  0 0 1,0 0 1,
  0 0 1,0 0 1,
  0 0 1,0 0 1,
  0 0 1,0 0 1,
  0 0 1,0 0 1,
  0 0 1,0 0 1,
  0 0 1,0 0 1,
  0 0 1,0 0 1,
  0 0 1,0 0 1,
  0 0 1,0 0 1,
  0 0 1,0 0 1,
  0 0 1,0 0 1,
  0 0 1,0 0 1,
  0 0 1,0 0 1,
  0 0 1,0 0 1,
  0 0 1,0 0 1,
  0 0 1,0 0 1,
  0 0 1,0 0 1,
  0 0 1,0 0 1,
  0 0 1,0 0 1,
  0 0 1,0 0 1,
  0 0 1,0 0 1,
  0 0 1,0 0 1,
  0 0 1,0 0 1,
  0 0 1,0 0 1,
  0 0 1,0 0 1,
  0 0 1,0 0 1,
  0 0 1,0 0 1,
  0 0 1,0 0 1,
  0 0 1,0 0 1,
  0 0 1,0 0 1,
  0 0 1,0 0 1,
  0 0 1,0 0 1,
  0 0 1,0 0 1,
  0 0 1,0 0 1,
  0 0 1,0 0 1,
  0 0 1,0 0 1,
  0 0 1,0 0 1,
  0 0 1,0 0 1,
  0 0 1,0 0 1,
  0 0 1,0 0 1,
  0 0 1,0 0 1,
  0 0 1,0 0 1,
  0 0 1,0 0 1,
  0 0 1,0 0 1,
  0 0 1,0 0 1,
  0 0 1,0 0 1,
  0 0 1,0 0 1,
  0 0 1,0 0 1,
  0 0 1,0 0 1,
  0 0 1,0 0 1,
  0 0 1,0 0 1,
  0 0 1,0 0 1,
  0 0 1,0 0 1,
  0 0 1,0 0 1,
  0 0 1,0 0 1,
  0 0 1,0 0 1,
  0 0 1,0 0 1,
  0 0 1,0 0 1,
  0 0 1,0 0 1,
  0 0 1,0 0 1,
  0 0 1,0 0 1,
  0 0 1,0 0 1,
  0 0 1,0 0 1,
  0 0 1,0 0 1,
  0 0 1,0 0 1,
  0 0 1,0 0 1,
  0 0 1,0 0 1,
  0 0 1,0 0 1,
  0 0 1,0 0 1,
  0 0 1,0 0 1,
  0 0 1,0 0 1,
  0 0 1,0 0 1,
  0 0 1,0 0 1,
  0 0 1,0 0 1,
  0 0 1,0 0 1,
  0 0 1,0 0 1,
  0 0 1,0 0 1,
  0 0 1,0 0 1] }
}
}
] }
DEF TXFM_4 Transform {
  center 0 0 0
  rotation 0 0 1 0
  scale 1 1 1
  scaleOrientation 0 0 1 0
  translation 0 0 0
 children [
DEF SHAPE_4 Shape {
 appearance DEF APP_3 Appearance {
  material Material {
   ambientIntensity 1
   diffuseColor 0.078431375 0.2 0.14117648
   emissiveColor 0 0 0
   shininess 0.30000001
   specularColor 0.35490197 0.44 0.39882353
   transparency 0.17
} }
 geometry DEF FACE_4 IndexedFaceSet {
  coord DEF COORD_4 Coordinate { point [
  15.500958 26.176513 0.31988189,15.492978 26.14673 0.31988189,
  15.477561 26.120028 0.31988189,15.455759 26.098226 0.31988189,
  15.429057 26.082809 0.31988189,15.399275 26.07483 0.31988189,
  15.368442 26.07483 0.31988189,15.338659 26.082809 0.31988189,
  15.311957 26.098226 0.31988189,15.290155 26.120028 0.31988189,
  15.274739 26.14673 0.31988189,15.266759 26.176513 0.31988189,
  15.266759 26.207346 0.31988189,15.274739 26.237128 0.31988189,
  15.290155 26.26383 0.31988189,15.311957 26.285632 0.31988189,
  15.338659 26.301049 0.31988189,15.368442 26.309029 0.31988189,
  15.399275 26.309029 0.31988189,15.429057 26.301049 0.31988189,
  15.455759 26.285632 0.31988189,15.477561 26.26383 0.31988189,
  15.492978 26.237128 0.31988189,15.500958 26.207346 0.31988189,
  15.500958 25.813645 0.31988189,15.500958 25.782812 0.31988189,
  15.492978 25.75303 0.31988189,15.477561 25.726328 0.31988189,
  15.455759 25.704525 0.31988189,15.429057 25.689109 0.31988189,
  15.399275 25.681129 0.31988189,15.368442 25.681129 0.31988189,
  15.338659 25.689109 0.31988189,15.311957 25.704525 0.31988189,
  15.290155 25.726328 0.31988189,15.274739 25.75303 0.31988189,
  15.266759 25.782812 0.31988189,15.266759 25.813645 0.31988189,
  15.274739 25.843427 0.31988189,15.290155 25.870129 0.31988189,
  15.311957 25.891931 0.31988189,15.338659 25.907348 0.31988189,
  15.368442 25.915328 0.31988189,15.399275 25.915328 0.31988189,
  15.429057 25.907348 0.31988189,15.455759 25.891931 0.31988189,
  15.477561 25.870129 0.31988189,15.492978 25.843427 0.31988189,
  21.180092 27.774938 0.31988189,21.172112 27.745156 0.31988189,
  21.156695 27.718454 0.31988189,21.134893 27.696651 0.31988189,
  21.108191 27.681235 0.31988189,21.078409 27.673255 0.31988189,
  21.047576 27.673255 0.31988189,21.017793 27.681235 0.31988189,
  20.991091 27.696651 0.31988189,20.969289 27.718454 0.31988189,
  20.953872 27.745156 0.31988189,20.945893 27.774938 0.31988189,
  20.945893 27.805771 0.31988189,20.953872 27.835553 0.31988189,
  20.969289 27.862255 0.31988189,20.991091 27.884057 0.31988189,
  21.017793 27.899474 0.31988189,21.047576 27.907454 0.31988189,
  21.078409 27.907454 0.31988189,21.108191 27.899474 0.31988189,
  21.134893 27.884057 0.31988189,21.156695 27.862255 0.31988189,
  21.172112 27.835553 0.31988189,21.180092 27.805771 0.31988189,
  21.180092 27.33333 0.31988189,21.180092 27.302497 0.31988189,
  21.172112 27.272715 0.31988189,21.156695 27.246013 0.31988189,
  21.134893 27.22421 0.31988189,21.108191 27.208794 0.31988189,
  21.078409 27.200814 0.31988189,21.047576 27.200814 0.31988189,
  21.017793 27.208794 0.31988189,20.991091 27.22421 0.31988189,
  20.969289 27.246013 0.31988189,20.953872 27.272715 0.31988189,
  20.945893 27.302497 0.31988189,20.945893 27.33333 0.31988189,
  20.953872 27.363112 0.31988189,20.969289 27.389814 0.31988189,
  20.991091 27.411617 0.31988189,21.017793 27.427033 0.31988189,
  21.047576 27.435013 0.31988189,21.078409 27.435013 0.31988189,
  21.108191 27.427033 0.31988189,21.134893 27.411617 0.31988189,
  21.156695 27.389814 0.31988189,21.172112 27.363112 0.31988189,
  21.180092 28.247379 0.31988189,21.172112 28.217596 0.31988189,
  21.156695 28.190894 0.31988189,21.134893 28.169092 0.31988189,
  21.108191 28.153676 0.31988189,21.078409 28.145696 0.31988189,
  21.047576 28.145696 0.31988189,21.017793 28.153676 0.31988189,
  20.991091 28.169092 0.31988189,20.969289 28.190894 0.31988189,
  20.953872 28.217596 0.31988189,20.945893 28.247379 0.31988189,
  20.945893 28.278212 0.31988189,20.953872 28.307994 0.31988189,
  20.969289 28.334696 0.31988189,20.991091 28.356498 0.31988189,
  21.017793 28.371915 0.31988189,21.047576 28.379895 0.31988189,
  21.078409 28.379895 0.31988189,21.108191 28.371915 0.31988189,
  21.134893 28.356498 0.31988189,21.156695 28.334696 0.31988189,
  21.172112 28.307994 0.31988189,21.180092 28.278212 0.31988189,
  21.180092 28.71982 0.31988189,21.172112 28.690037 0.31988189,
  21.156695 28.663335 0.31988189,21.134893 28.641533 0.31988189,
  21.108191 28.626117 0.31988189,21.078409 28.618137 0.31988189,
  21.047576 28.618137 0.31988189,21.017793 28.626117 0.31988189,
  20.991091 28.641533 0.31988189,20.969289 28.663335 0.31988189,
  20.953872 28.690037 0.31988189,20.945893 28.71982 0.31988189,
  20.945893 28.750653 0.31988189,20.953872 28.780435 0.31988189,
  20.969289 28.807137 0.31988189,20.991091 28.828939 0.31988189,
  21.017793 28.844356 0.31988189,21.047576 28.852336 0.31988189,
  21.078409 28.852336 0.31988189,21.108191 28.844356 0.31988189,
  21.134893 28.828939 0.31988189,21.156695 28.807137 0.31988189,
  21.172112 28.780435 0.31988189,21.180092 28.750653 0.31988189,
  1.9685039 43.543307 0.31988189,1.882598 43.54237 0.31988189,
  1.7114402 43.527396 0.31988189,1.5422386 43.497561 0.31988189,
  1.3762815 43.453093 0.31988189,1.2148311 43.39433 0.31988189,
  1.0591169 43.321719 0.31988189,0.91032362 43.235813 0.31988189,
  0.76958386 43.137266 0.31988189,0.6379685 43.026828 0.31988189,
  0.51647913 42.905339 0.31988189,0.40604094 42.773723 0.31988189,
  0.3074937 42.632983 0.31988189,0.2215878 42.48419 0.31988189,
  0.14897717 42.328476 0.31988189,0.090214173 42.167026 0.31988189,
  0.045746063 42.001069 0.31988189,0.015911417 41.831867 0.31988189,
  0.00093700787 41.660709 0.31988189,0 41.574803 0.31988189,
  0 28.750653 0.31988189,0 28.278212 0.31988189,
  0 27.805771 0.31988189,0 27.33333 0.31988189,
  0 26.207346 0.31988189,0 25.813645 0.31988189,
  0 1.9685039 0.31988189,0.00093700787 1.882598 0.31988189,
  0.015911417 1.7114402 0.31988189,0.045746063 1.5422386 0.31988189,
  0.090214173 1.3762815 0.31988189,0.14897717 1.2148311 0.31988189,
  0.2215878 1.0591169 0.31988189,0.3074937 0.91032362 0.31988189,
  0.40604094 0.76958386 0.31988189,0.51647913 0.6379685 0.31988189,
  0.6379685 0.51647913 0.31988189,0.76958386 0.40604094 0.31988189,
  0.91032362 0.3074937 0.31988189,1.0591169 0.2215878 0.31988189,
  1.2148311 0.14897717 0.31988189,1.3762815 0.090214173 0.31988189,
  1.5422386 0.045746063 0.31988189,1.7114402 0.015911417 0.31988189,
  1.882598 0.00093700787 0.31988189,1.9685039 0 0.31988189,
  48.425197 0 0.31988189,48.511103 0.00093700787 0.31988189,
  48.682261 0.015911417 0.31988189,48.851462 0.045746063 0.31988189,
  49.017419 0.090214173 0.31988189,49.17887 0.14897717 0.31988189,
  49.334584 0.2215878 0.31988189,49.483377 0.3074937 0.31988189,
  49.624117 0.40604094 0.31988189,49.755732 0.51647913 0.31988189,
  49.877222 0.6379685 0.31988189,49.98766 0.76958386 0.31988189,
  50.086207 0.91032362 0.31988189,50.172113 1.0591169 0.31988189,
  50.244724 1.2148311 0.31988189,50.303487 1.3762815 0.31988189,
  50.347955 1.5422386 0.31988189,50.377789 1.7114402 0.31988189,
  50.392764 1.882598 0.31988189,50.393701 1.9685039 0.31988189,
  50.393701 41.574803 0.31988189,50.392764 41.660709 0.31988189,
  50.377789 41.831867 0.31988189,50.347955 42.001069 0.31988189,
  50.303487 42.167026 0.31988189,50.244724 42.328476 0.31988189,
  50.172113 42.48419 0.31988189,50.086207 42.632983 0.31988189,
  49.98766 42.773723 0.31988189,49.877222 42.905339 0.31988189,
  49.755732 43.026828 0.31988189,49.624117 43.137266 0.31988189,
  49.483377 43.235813 0.31988189,49.334584 43.321719 0.31988189,
  49.17887 43.39433 0.31988189,49.017419 43.453093 0.31988189,
  48.851462 43.497561 0.31988189,48.682261 43.527396 0.31988189,
  48.511103 43.54237 0.31988189,48.425197 43.543307 0.31988189] }
 coordIndex [
  34,35,144,-1,144,35,36,-1,144,36,12,-1,12,36,37,-1,12,37,11,-1,11,37,38,-1,11,38,10,-1,10,38,39,-1,
  10,39,9,-1,9,39,40,-1,9,40,8,-1,8,40,41,-1,8,41,7,-1,7,41,42,-1,7,42,6,-1,6,42,43,-1,
  6,43,5,-1,5,43,44,-1,5,44,4,-1,4,44,45,-1,4,45,3,-1,3,45,46,-1,3,46,2,-1,2,46,47,-1,
  2,47,1,-1,1,47,24,-1,1,24,0,-1,0,24,190,-1,0,190,23,-1,23,190,81,-1,23,81,82,-1,82,83,23,-1,
  23,83,84,-1,23,84,132,-1,132,84,85,-1,132,85,59,-1,59,85,86,-1,59,86,58,-1,58,86,87,-1,58,87,57,-1,
  57,87,88,-1,57,88,56,-1,56,88,89,-1,56,89,55,-1,55,89,90,-1,55,90,54,-1,54,90,91,-1,54,91,53,-1,
  53,91,92,-1,53,92,52,-1,52,92,93,-1,52,93,51,-1,51,93,94,-1,51,94,50,-1,50,94,95,-1,50,95,49,-1,
  49,95,72,-1,49,72,48,-1,48,72,190,-1,48,190,71,-1,71,190,96,-1,71,96,97,-1,71,97,70,-1,70,97,98,-1,
  70,98,69,-1,69,98,99,-1,69,99,68,-1,68,99,100,-1,68,100,67,-1,67,100,101,-1,67,101,66,-1,66,101,102,-1,
  66,102,65,-1,65,102,103,-1,65,103,64,-1,64,103,104,-1,64,104,63,-1,63,104,105,-1,63,105,62,-1,62,105,106,-1,
  62,106,61,-1,61,106,107,-1,61,107,60,-1,60,107,132,-1,60,132,59,-1,141,142,229,-1,229,142,143,-1,229,143,190,-1,
  190,143,120,-1,190,120,119,-1,119,120,121,-1,119,121,118,-1,118,121,122,-1,118,122,117,-1,117,122,123,-1,117,123,116,-1,
  116,123,124,-1,116,124,115,-1,115,124,125,-1,115,125,114,-1,114,125,126,-1,114,126,113,-1,113,126,127,-1,113,127,112,-1,
  112,127,128,-1,112,128,111,-1,111,128,129,-1,111,129,110,-1,110,129,130,-1,110,130,109,-1,109,130,131,-1,109,131,108,-1,
  108,131,132,-1,108,132,107,-1,229,191,228,-1,228,191,192,-1,228,192,227,-1,227,192,193,-1,227,193,226,-1,226,193,194,-1,
  226,194,225,-1,225,194,195,-1,225,195,224,-1,224,195,196,-1,224,196,223,-1,223,196,197,-1,223,197,222,-1,222,197,198,-1,
  222,198,221,-1,221,198,199,-1,221,199,220,-1,220,199,200,-1,220,200,219,-1,219,200,201,-1,219,201,218,-1,218,201,202,-1,
  218,202,217,-1,217,202,203,-1,217,203,216,-1,216,203,204,-1,216,204,215,-1,215,204,205,-1,215,205,214,-1,214,205,206,-1,
  214,206,213,-1,213,206,207,-1,213,207,212,-1,212,207,208,-1,212,208,211,-1,211,208,209,-1,211,209,210,-1,229,144,16,-1,
  229,16,17,-1,229,17,18,-1,229,18,19,-1,229,19,20,-1,229,20,21,-1,229,21,22,-1,229,22,23,-1,229,23,136,-1,
  229,136,137,-1,229,137,138,-1,229,138,139,-1,229,139,140,-1,229,140,141,-1,23,132,133,-1,23,133,134,-1,23,134,135,-1,
  23,135,136,-1,144,12,13,-1,144,13,14,-1,144,14,15,-1,144,15,16,-1,190,72,73,-1,190,73,74,-1,190,74,75,-1,
  190,75,76,-1,190,76,77,-1,190,77,78,-1,190,78,79,-1,190,79,80,-1,190,80,81,-1,190,24,25,-1,190,25,26,-1,
  190,26,27,-1,190,27,28,-1,190,28,29,-1,190,29,30,-1,190,30,31,-1,190,31,32,-1,190,32,33,-1,190,33,189,-1,
  189,33,34,-1,189,34,144,-1,189,144,145,-1,189,145,188,-1,163,171,162,-1,162,171,172,-1,162,172,161,-1,161,172,173,-1,
  161,173,160,-1,160,173,174,-1,160,174,159,-1,159,174,175,-1,159,175,158,-1,158,175,176,-1,158,176,157,-1,157,176,177,-1,
  157,177,156,-1,156,177,178,-1,156,178,155,-1,155,178,179,-1,155,179,154,-1,154,179,180,-1,154,180,153,-1,153,180,181,-1,
  153,181,152,-1,152,181,182,-1,152,182,151,-1,151,182,183,-1,151,183,150,-1,150,183,184,-1,150,184,149,-1,149,184,185,-1,
  149,185,148,-1,148,185,186,-1,148,186,147,-1,147,186,187,-1,147,187,146,-1,146,187,188,-1,146,188,145,-1,171,163,164,-1,
  171,164,165,-1,171,165,166,-1,171,166,167,-1,171,167,168,-1,171,168,169,-1,171,169,170,-1,96,190,119,-1,229,190,191,-1]
  normalPerVertex TRUE
  normal DEF NORM_4 Normal { vector [
  0 0 1,0 0 1,
  0 0 1,0 0 1,
  0 0 1,0 0 1,
  0 0 1,0 0 1,
  0 0 1,0 0 1,
  0 0 1,0 0 1,
  0 0 1,0 0 1,
  0 0 1,0 0 1,
  0 0 1,0 0 1,
  0 0 1,0 0 1,
  0 0 1,0 0 1,
  0 0 1,0 0 1,
  0 0 1,0 0 1,
  0 0 1,0 0 1,
  0 0 1,0 0 1,
  0 0 1,0 0 1,
  0 0 1,0 0 1,
  0 0 1,0 0 1,
  0 0 1,0 0 1,
  0 0 1,0 0 1,
  0 0 1,0 0 1,
  0 0 1,0 0 1,
  0 0 1,0 0 1,
  0 0 1,0 0 1,
  0 0 1,0 0 1,
  0 0 1,0 0 1,
  0 0 1,0 0 1,
  0 0 1,0 0 1,
  0 0 1,0 0 1,
  0 0 1,0 0 1,
  0 0 1,0 0 1,
  0 0 1,0 0 1,
  0 0 1,0 0 1,
  0 0 1,0 0 1,
  0 0 1,0 0 1,
  0 0 1,0 0 1,
  0 0 1,0 0 1,
  0 0 1,0 0 1,
  0 0 1,0 0 1,
  0 0 1,0 0 1,
  0 0 1,0 0 1,
  0 0 1,0 0 1,
  0 0 1,0 0 1,
  0 0 1,0 0 1,
  0 0 1,0 0 1,
  0 0 1,0 0 1,
  0 0 1,0 0 1,
  0 0 1,0 0 1,
  0 0 1,0 0 1,
  0 0 1,0 0 1,
  0 0 1,0 0 1,
  0 0 1,0 0 1,
  0 0 1,0 0 1,
  0 0 1,0 0 1,
  0 0 1,0 0 1,
  0 0 1,0 0 1,
  0 0 1,0 0 1,
  0 0 1,0 0 1,
  0 0 1,0 0 1,
  0 0 1,0 0 1,
  0 0 1,0 0 1,
  0 0 1,0 0 1,
  0 0 1,0 0 1,
  0 0 1,0 0 1,
  0 0 1,0 0 1,
  0 0 1,0 0 1,
  0 0 1,0 0 1,
  0 0 1,0 0 1,
  0 0 1,0 0 1,
  0 0 1,0 0 1,
  0 0 1,0 0 1,
  0 0 1,0 0 1,
  0 0 1,0 0 1,
  0 0 1,0 0 1,
  0 0 1,0 0 1,
  0 0 1,0 0 1,
  0 0 1,0 0 1,
  0 0 1,0 0 1,
  0 0 1,0 0 1,
  0 0 1,0 0 1,
  0 0 1,0 0 1,
  0 0 1,0 0 1,
  0 0 1,0 0 1,
  0 0 1,0 0 1,
  0 0 1,0 0 1,
  0 0 1,0 0 1,
  0 0 1,0 0 1,
  0 0 1,0 0 1,
  0 0 1,0 0 1,
  0 0 1,0 0 1,
  0 0 1,0 0 1,
  0 0 1,0 0 1,
  0 0 1,0 0 1,
  0 0 1,0 0 1,
  0 0 1,0 0 1,
  0 0 1,0 0 1,
  0 0 1,0 0 1,
  0 0 1,0 0 1,
  0 0 1,0 0 1,
  0 0 1,0 0 1,
  0 0 1,0 0 1,
  0 0 1,0 0 1,
  0 0 1,0 0 1,
  0 0 1,0 0 1,
  0 0 1,0 0 1,
  0 0 1,0 0 1,
  0 0 1,0 0 1,
  0 0 1,0 0 1,
  0 0 1,0 0 1,
  0 0 1,0 0 1,
  0 0 1,0 0 1,
  0 0 1,0 0 1,
  0 0 1,0 0 1,
  0 0 1,0 0 1,
  0 0 1,0 0 1] }
}
}
] }
DEF TXFM_5 Transform {
  center 0 0 0
  rotation 0 0 1 0
  scale 1 1 1
  scaleOrientation 0 0 1 0
  translation 0 0 0
 children [
DEF SHAPE_5 Shape {
 appearance USE APP_2
 geometry DEF FACE_5 IndexedFaceSet {
  coord DEF COORD_5 Coordinate { point [
  15.246063 25.522638 -0.31496063,15.246063 25.083661 -0.31496063,
  21.09252 25.083661 -0.31496063,21.190945 25.083661 -0.31496063,
  21.190945 27.121063 -0.31496063,21.09252 27.121063 -0.31496063,
  21.09252 25.182087 -0.31496063,15.344488 25.182087 -0.31496063,
  15.344488 25.522638 -0.31496063,20.866142 28.902559 -0.31496063,
  15.344488 28.902559 -0.31496063,15.246063 28.902559 -0.31496063,
  15.246063 26.46752 -0.31496063,15.344488 26.46752 -0.31496063,
  15.344488 28.804134 -0.31496063,20.866142 28.804134 -0.31496063,
  20.991091 27.884057 -0.31496063,20.969289 27.862255 -0.31496063,
  20.953872 27.835553 -0.31496063,20.945893 27.805771 -0.31496063,
  20.945893 27.774938 -0.31496063,20.953872 27.745156 -0.31496063,
  20.969289 27.718454 -0.31496063,20.991091 27.696651 -0.31496063,
  21.017793 27.681235 -0.31496063,21.047576 27.673255 -0.31496063,
  21.078409 27.673255 -0.31496063,21.108191 27.681235 -0.31496063,
  21.134893 27.696651 -0.31496063,21.156695 27.718454 -0.31496063,
  21.172112 27.745156 -0.31496063,21.180092 27.774938 -0.31496063,
  21.180092 27.805771 -0.31496063,21.172112 27.835553 -0.31496063,
  21.156695 27.862255 -0.31496063,21.134893 27.884057 -0.31496063,
  21.108191 27.899474 -0.31496063,21.078409 27.907454 -0.31496063,
  21.047576 27.907454 -0.31496063,21.017793 27.899474 -0.31496063,
  21.001969 27.790354 -0.31496063,21.006614 27.813707 -0.31496063,
  21.019842 27.833505 -0.31496063,21.039639 27.846733 -0.31496063,
  21.062992 27.851378 -0.31496063,21.086345 27.846733 -0.31496063,
  21.106142 27.833505 -0.31496063,21.119371 27.813707 -0.31496063,
  21.124016 27.790354 -0.31496063,21.119371 27.767002 -0.31496063,
  21.106142 27.747204 -0.31496063,21.086345 27.733976 -0.31496063,
  21.062992 27.729331 -0.31496063,21.039639 27.733976 -0.31496063,
  21.019842 27.747204 -0.31496063,21.006614 27.767002 -0.31496063,
  20.991091 27.411617 -0.31496063,20.969289 27.389814 -0.31496063,
  20.953872 27.363112 -0.31496063,20.945893 27.33333 -0.31496063,
  20.945893 27.302497 -0.31496063,20.953872 27.272715 -0.31496063,
  20.969289 27.246013 -0.31496063,20.991091 27.22421 -0.31496063,
  21.017793 27.208794 -0.31496063,21.047576 27.200814 -0.31496063,
  21.078409 27.200814 -0.31496063,21.108191 27.208794 -0.31496063,
  21.134893 27.22421 -0.31496063,21.156695 27.246013 -0.31496063,
  21.172112 27.272715 -0.31496063,21.180092 27.302497 -0.31496063,
  21.180092 27.33333 -0.31496063,21.172112 27.363112 -0.31496063,
  21.156695 27.389814 -0.31496063,21.134893 27.411617 -0.31496063,
  21.108191 27.427033 -0.31496063,21.078409 27.435013 -0.31496063,
  21.047576 27.435013 -0.31496063,21.017793 27.427033 -0.31496063,
  21.001969 27.317913 -0.31496063,21.006614 27.341266 -0.31496063,
  21.019842 27.361064 -0.31496063,21.039639 27.374292 -0.31496063,
  21.062992 27.378937 -0.31496063,21.086345 27.374292 -0.31496063,
  21.106142 27.361064 -0.31496063,21.119371 27.341266 -0.31496063,
  21.124016 27.317913 -0.31496063,21.119371 27.294561 -0.31496063,
  21.106142 27.274763 -0.31496063,21.086345 27.261535 -0.31496063,
  21.062992 27.25689 -0.31496063,21.039639 27.261535 -0.31496063,
  21.019842 27.274763 -0.31496063,21.006614 27.294561 -0.31496063,
  20.991091 28.356498 -0.31496063,20.969289 28.334696 -0.31496063,
  20.953872 28.307994 -0.31496063,20.945893 28.278212 -0.31496063,
  20.945893 28.247379 -0.31496063,20.953872 28.217596 -0.31496063,
  20.969289 28.190894 -0.31496063,20.991091 28.169092 -0.31496063,
  21.017793 28.153676 -0.31496063,21.047576 28.145696 -0.31496063,
  21.078409 28.145696 -0.31496063,21.108191 28.153676 -0.31496063,
  21.134893 28.169092 -0.31496063,21.156695 28.190894 -0.31496063,
  21.172112 28.217596 -0.31496063,21.180092 28.247379 -0.31496063,
  21.180092 28.278212 -0.31496063,21.172112 28.307994 -0.31496063,
  21.156695 28.334696 -0.31496063,21.134893 28.356498 -0.31496063,
  21.108191 28.371915 -0.31496063,21.078409 28.379895 -0.31496063,
  21.047576 28.379895 -0.31496063,21.017793 28.371915 -0.31496063,
  21.001969 28.262795 -0.31496063,21.006614 28.286148 -0.31496063,
  21.019842 28.305945 -0.31496063,21.039639 28.319174 -0.31496063,
  21.062992 28.323819 -0.31496063,21.086345 28.319174 -0.31496063,
  21.106142 28.305945 -0.31496063,21.119371 28.286148 -0.31496063,
  21.124016 28.262795 -0.31496063,21.119371 28.239443 -0.31496063,
  21.106142 28.219645 -0.31496063,21.086345 28.206417 -0.31496063,
  21.062992 28.201772 -0.31496063,21.039639 28.206417 -0.31496063,
  21.019842 28.219645 -0.31496063,21.006614 28.239443 -0.31496063,
  20.991091 28.828939 -0.31496063,20.969289 28.807137 -0.31496063,
  20.953872 28.780435 -0.31496063,20.945893 28.750653 -0.31496063,
  20.945893 28.71982 -0.31496063,20.953872 28.690037 -0.31496063,
  20.969289 28.663335 -0.31496063,20.991091 28.641533 -0.31496063,
  21.017793 28.626117 -0.31496063,21.047576 28.618137 -0.31496063,
  21.078409 28.618137 -0.31496063,21.108191 28.626117 -0.31496063,
  21.134893 28.641533 -0.31496063,21.156695 28.663335 -0.31496063,
  21.172112 28.690037 -0.31496063,21.180092 28.71982 -0.31496063,
  21.180092 28.750653 -0.31496063,21.172112 28.780435 -0.31496063,
  21.156695 28.807137 -0.31496063,21.134893 28.828939 -0.31496063,
  21.108191 28.844356 -0.31496063,21.078409 28.852336 -0.31496063,
  21.047576 28.852336 -0.31496063,21.017793 28.844356 -0.31496063,
  21.001969 28.735236 -0.31496063,21.006614 28.758589 -0.31496063,
  21.019842 28.778386 -0.31496063,21.039639 28.791615 -0.31496063,
  21.062992 28.79626 -0.31496063,21.086345 28.791615 -0.31496063,
  21.106142 28.778386 -0.31496063,21.119371 28.758589 -0.31496063,
  21.124016 28.735236 -0.31496063,21.119371 28.711883 -0.31496063,
  21.106142 28.692086 -0.31496063,21.086345 28.678858 -0.31496063,
  21.062992 28.674213 -0.31496063,21.039639 28.678858 -0.31496063,
  21.019842 28.692086 -0.31496063,21.006614 28.711883 -0.31496063,
  15.311957 26.285632 -0.31496063,15.290155 26.26383 -0.31496063,
  15.274739 26.237128 -0.31496063,15.266759 26.207346 -0.31496063,
  15.266759 26.176513 -0.31496063,15.274739 26.14673 -0.31496063,
  15.290155 26.120028 -0.31496063,15.311957 26.098226 -0.31496063,
  15.338659 26.082809 -0.31496063,15.368442 26.07483 -0.31496063,
  15.399275 26.07483 -0.31496063,15.429057 26.082809 -0.31496063,
  15.455759 26.098226 -0.31496063,15.477561 26.120028 -0.31496063,
  15.492978 26.14673 -0.31496063,15.500958 26.176513 -0.31496063,
  15.500958 26.207346 -0.31496063,15.492978 26.237128 -0.31496063,
  15.477561 26.26383 -0.31496063,15.455759 26.285632 -0.31496063,
  15.429057 26.301049 -0.31496063,15.399275 26.309029 -0.31496063,
  15.368442 26.309029 -0.31496063,15.338659 26.301049 -0.31496063,
  15.322835 26.191929 -0.31496063,15.32748 26.215282 -0.31496063,
  15.340708 26.235079 -0.31496063,15.360506 26.248308 -0.31496063,
  15.383858 26.252953 -0.31496063,15.407211 26.248308 -0.31496063,
  15.427008 26.235079 -0.31496063,15.440237 26.215282 -0.31496063,
  15.444882 26.191929 -0.31496063,15.440237 26.168576 -0.31496063,
  15.427008 26.148779 -0.31496063,15.407211 26.135551 -0.31496063,
  15.383858 26.130906 -0.31496063,15.360506 26.135551 -0.31496063,
  15.340708 26.148779 -0.31496063,15.32748 26.168576 -0.31496063,
  15.311957 25.891931 -0.31496063,15.290155 25.870129 -0.31496063,
  15.274739 25.843427 -0.31496063,15.266759 25.813645 -0.31496063,
  15.266759 25.782812 -0.31496063,15.274739 25.75303 -0.31496063,
  15.290155 25.726328 -0.31496063,15.311957 25.704525 -0.31496063,
  15.338659 25.689109 -0.31496063,15.368442 25.681129 -0.31496063,
  15.399275 25.681129 -0.31496063,15.429057 25.689109 -0.31496063,
  15.455759 25.704525 -0.31496063,15.477561 25.726328 -0.31496063,
  15.492978 25.75303 -0.31496063,15.500958 25.782812 -0.31496063,
  15.500958 25.813645 -0.31496063,15.492978 25.843427 -0.31496063,
  15.477561 25.870129 -0.31496063,15.455759 25.891931 -0.31496063,
  15.429057 25.907348 -0.31496063,15.399275 25.915328 -0.31496063,
  15.368442 25.915328 -0.31496063,15.338659 25.907348 -0.31496063,
  15.322835 25.798228 -0.31496063,15.32748 25.821581 -0.31496063,
  15.340708 25.841379 -0.31496063,15.360506 25.854607 -0.31496063,
  15.383858 25.859252 -0.31496063,15.407211 25.854607 -0.31496063,
  15.427008 25.841379 -0.31496063,15.440237 25.821581 -0.31496063,
  15.444882 25.798228 -0.31496063,15.440237 25.774876 -0.31496063,
  15.427008 25.755078 -0.31496063,15.407211 25.74185 -0.31496063,
  15.383858 25.737205 -0.31496063,15.360506 25.74185 -0.31496063,
  15.340708 25.755078 -0.31496063,15.32748 25.774876 -0.31496063] }
 coordIndex [
  8,7,0,-1,0,7,1,-1,1,7,2,-1,2,7,6,-1,4,3,5,-1,5,3,6,-1,6,3,2,-1,11,10,13,-1,
  13,10,14,-1,14,10,15,-1,15,10,9,-1,28,48,35,-1,28,35,29,-1,29,35,34,-1,29,34,30,-1,30,34,33,-1,
  30,33,31,-1,31,33,32,-1,46,45,36,-1,46,36,47,-1,47,36,35,-1,47,35,48,-1,43,42,38,-1,43,38,44,-1,
  44,38,37,-1,44,37,45,-1,45,37,36,-1,16,39,40,-1,40,39,41,-1,41,39,42,-1,42,39,38,-1,50,49,27,-1,
  27,49,28,-1,28,49,48,-1,25,53,52,-1,25,52,26,-1,26,52,51,-1,26,51,27,-1,27,51,50,-1,55,54,24,-1,
  24,54,25,-1,25,54,53,-1,16,40,23,-1,23,40,24,-1,24,40,55,-1,21,19,18,-1,21,18,22,-1,22,18,17,-1,
  22,17,23,-1,23,17,16,-1,68,88,75,-1,68,75,69,-1,69,75,74,-1,69,74,70,-1,70,74,73,-1,70,73,71,-1,
  71,73,72,-1,86,85,76,-1,86,76,87,-1,87,76,75,-1,87,75,88,-1,83,82,78,-1,83,78,84,-1,84,78,77,-1,
  84,77,85,-1,85,77,76,-1,56,79,80,-1,80,79,81,-1,81,79,82,-1,82,79,78,-1,90,89,67,-1,67,89,68,-1,
  68,89,88,-1,65,93,92,-1,65,92,66,-1,66,92,91,-1,66,91,67,-1,67,91,90,-1,95,94,64,-1,64,94,65,-1,
  65,94,93,-1,56,80,63,-1,63,80,64,-1,64,80,95,-1,61,59,58,-1,61,58,62,-1,62,58,57,-1,62,57,63,-1,
  63,57,56,-1,108,128,115,-1,108,115,109,-1,109,115,114,-1,109,114,110,-1,110,114,113,-1,110,113,111,-1,111,113,112,-1,
  126,125,116,-1,126,116,127,-1,127,116,115,-1,127,115,128,-1,123,122,118,-1,123,118,124,-1,124,118,117,-1,124,117,125,-1,
  125,117,116,-1,96,119,120,-1,120,119,121,-1,121,119,122,-1,122,119,118,-1,130,129,107,-1,107,129,108,-1,108,129,128,-1,
  105,133,132,-1,105,132,106,-1,106,132,131,-1,106,131,107,-1,107,131,130,-1,135,134,104,-1,104,134,105,-1,105,134,133,-1,
  96,120,103,-1,103,120,104,-1,104,120,135,-1,101,99,98,-1,101,98,102,-1,102,98,97,-1,102,97,103,-1,103,97,96,-1,
  148,168,155,-1,148,155,149,-1,149,155,154,-1,149,154,150,-1,150,154,153,-1,150,153,151,-1,151,153,152,-1,166,165,156,-1,
  166,156,167,-1,167,156,155,-1,167,155,168,-1,163,162,158,-1,163,158,164,-1,164,158,157,-1,164,157,165,-1,165,157,156,-1,
  136,159,160,-1,160,159,161,-1,161,159,162,-1,162,159,158,-1,170,169,147,-1,147,169,148,-1,148,169,168,-1,145,173,172,-1,
  145,172,146,-1,146,172,171,-1,146,171,147,-1,147,171,170,-1,175,174,144,-1,144,174,145,-1,145,174,173,-1,136,160,143,-1,
  143,160,144,-1,144,160,175,-1,141,139,138,-1,141,138,142,-1,142,138,137,-1,142,137,143,-1,143,137,136,-1,188,208,195,-1,
  188,195,189,-1,189,195,194,-1,189,194,190,-1,190,194,193,-1,190,193,191,-1,191,193,192,-1,206,205,196,-1,206,196,207,-1,
  207,196,195,-1,207,195,208,-1,203,202,198,-1,203,198,204,-1,204,198,197,-1,204,197,205,-1,205,197,196,-1,176,199,200,-1,
  200,199,201,-1,201,199,202,-1,202,199,198,-1,210,209,187,-1,187,209,188,-1,188,209,208,-1,185,213,212,-1,185,212,186,-1,
  186,212,211,-1,186,211,187,-1,187,211,210,-1,215,214,184,-1,184,214,185,-1,185,214,213,-1,176,200,183,-1,183,200,184,-1,
  184,200,215,-1,181,179,178,-1,181,178,182,-1,182,178,177,-1,182,177,183,-1,183,177,176,-1,228,248,235,-1,228,235,229,-1,
  229,235,234,-1,229,234,230,-1,230,234,233,-1,230,233,231,-1,231,233,232,-1,246,245,236,-1,246,236,247,-1,247,236,235,-1,
  247,235,248,-1,243,242,238,-1,243,238,244,-1,244,238,237,-1,244,237,245,-1,245,237,236,-1,216,239,240,-1,240,239,241,-1,
  241,239,242,-1,242,239,238,-1,250,249,227,-1,227,249,228,-1,228,249,248,-1,225,253,252,-1,225,252,226,-1,226,252,251,-1,
  226,251,227,-1,227,251,250,-1,255,254,224,-1,224,254,225,-1,225,254,253,-1,216,240,223,-1,223,240,224,-1,224,240,255,-1,
  221,219,218,-1,221,218,222,-1,222,218,217,-1,222,217,223,-1,223,217,216,-1,219,221,220,-1,179,181,180,-1,139,141,140,-1,
  99,101,100,-1,59,61,60,-1,19,21,20,-1,11,13,12,-1]
  normalPerVertex TRUE
  normal DEF NORM_5 Normal { vector [
  0 0 -1,0 0 -1,
  0 0 -1,0 0 -1,
  0 0 -1,0 0 -1,
  0 0 -1,0 0 -1,
  0 0 -1,0 0 -1,
  0 0 -1,0 0 -1,
  0 0 -1,0 0 -1,
  0 0 -1,0 0 -1,
  0 0 -1,0 0 -1,
  0 0 -1,0 0 -1,
  0 0 -1,0 0 -1,
  0 0 -1,0 0 -1,
  0 0 -1,0 0 -1,
  0 0 -1,0 0 -1,
  0 0 -1,0 0 -1,
  0 0 -1,0 0 -1,
  0 0 -1,0 0 -1,
  0 0 -1,0 0 -1,
  0 0 -1,0 0 -1,
  0 0 -1,0 0 -1,
  0 0 -1,0 0 -1,
  0 0 -1,0 0 -1,
  0 0 -1,0 0 -1,
  0 0 -1,0 0 -1,
  0 0 -1,0 0 -1,
  0 0 -1,0 0 -1,
  0 0 -1,0 0 -1,
  0 0 -1,0 0 -1,
  0 0 -1,0 0 -1,
  0 0 -1,0 0 -1,
  0 0 -1,0 0 -1,
  0 0 -1,0 0 -1,
  0 0 -1,0 0 -1,
  0 0 -1,0 0 -1,
  0 0 -1,0 0 -1,
  0 0 -1,0 0 -1,
  0 0 -1,0 0 -1,
  0 0 -1,0 0 -1,
  0 0 -1,0 0 -1,
  0 0 -1,0 0 -1,
  0 0 -1,0 0 -1,
  0 0 -1,0 0 -1,
  0 0 -1,0 0 -1,
  0 0 -1,0 0 -1,
  0 0 -1,0 0 -1,
  0 0 -1,0 0 -1,
  0 0 -1,0 0 -1,
  0 0 -1,0 0 -1,
  0 0 -1,0 0 -1,
  0 0 -1,0 0 -1,
  0 0 -1,0 0 -1,
  0 0 -1,0 0 -1,
  0 0 -1,0 0 -1,
  0 0 -1,0 0 -1,
  0 0 -1,0 0 -1,
  0 0 -1,0 0 -1,
  0 0 -1,0 0 -1,
  0 0 -1,0 0 -1,
  0 0 -1,0 0 -1,
  0 0 -1,0 0 -1,
  0 0 -1,0 0 -1,
  0 0 -1,0 0 -1,
  0 0 -1,0 0 -1,
  0 0 -1,0 0 -1,
  0 0 -1,0 0 -1,
  0 0 -1,0 0 -1,
  0 0 -1,0 0 -1,
  0 0 -1,0 0 -1,
  0 0 -1,0 0 -1,
  0 0 -1,0 0 -1,
  0 0 -1,0 0 -1,
  0 0 -1,0 0 -1,
  0 0 -1,0 0 -1,
  0 0 -1,0 0 -1,
  0 0 -1,0 0 -1,
  0 0 -1,0 0 -1,
  0 0 -1,0 0 -1,
  0 0 -1,0 0 -1,
  0 0 -1,0 0 -1,
  0 0 -1,0 0 -1,
  0 0 -1,0 0 -1,
  0 0 -1,0 0 -1,
  0 0 -1,0 0 -1,
  0 0 -1,0 0 -1,
  0 0 -1,0 0 -1,
  0 0 -1,0 0 -1,
  0 0 -1,0 0 -1,
  0 0 -1,0 0 -1,
  0 0 -1,0 0 -1,
  0 0 -1,0 0 -1,
  0 0 -1,0 0 -1,
  0 0 -1,0 0 -1,
  0 0 -1,0 0 -1,
  0 0 -1,0 0 -1,
  0 0 -1,0 0 -1,
  0 0 -1,0 0 -1,
  0 0 -1,0 0 -1,
  0 0 -1,0 0 -1,
  0 0 -1,0 0 -1,
  0 0 -1,0 0 -1,
  0 0 -1,0 0 -1,
  0 0 -1,0 0 -1,
  0 0 -1,0 0 -1,
  0 0 -1,0 0 -1,
  0 0 -1,0 0 -1,
  0 0 -1,0 0 -1,
  0 0 -1,0 0 -1,
  0 0 -1,0 0 -1,
  0 0 -1,0 0 -1,
  0 0 -1,0 0 -1,
  0 0 -1,0 0 -1,
  0 0 -1,0 0 -1,
  0 0 -1,0 0 -1,
  0 0 -1,0 0 -1,
  0 0 -1,0 0 -1,
  0 0 -1,0 0 -1,
  0 0 -1,0 0 -1,
  0 0 -1,0 0 -1,
  0 0 -1,0 0 -1,
  0 0 -1,0 0 -1,
  0 0 -1,0 0 -1,
  0 0 -1,0 0 -1,
  0 0 -1,0 0 -1,
  0 0 -1,0 0 -1,
  0 0 -1,0 0 -1,
  0 0 -1,0 0 -1,
  0 0 -1,0 0 -1,
  0 0 -1,0 0 -1] }
}
}
] }
DEF TXFM_6 Transform {
  center 0 0 0
  rotation 0 0 1 0
  scale 1 1 1
  scaleOrientation 0 0 1 0
  translation 0 0 0
 children [
DEF SHAPE_6 Shape {
 appearance DEF APP_4 Appearance {
  material Material {
   ambientIntensity 1
   diffuseColor 0.078431375 0.2 0.14117648
   emissiveColor 0 0 0
   shininess 0.30000001
   specularColor 0.35490197 0.44 0.39882353
   transparency 0.17
} }
 geometry DEF FACE_6 IndexedFaceSet {
  coord DEF COORD_6 Coordinate { point [
  15.500958 26.176513 -0.31988189,15.492978 26.14673 -0.31988189,
  15.477561 26.120028 -0.31988189,15.455759 26.098226 -0.31988189,
  15.429057 26.082809 -0.31988189,15.399275 26.07483 -0.31988189,
  15.368442 26.07483 -0.31988189,15.338659 26.082809 -0.31988189,
  15.311957 26.098226 -0.31988189,15.290155 26.120028 -0.31988189,
  15.274739 26.14673 -0.31988189,15.266759 26.176513 -0.31988189,
  15.266759 26.207346 -0.31988189,15.274739 26.237128 -0.31988189,
  15.290155 26.26383 -0.31988189,15.311957 26.285632 -0.31988189,
  15.338659 26.301049 -0.31988189,15.368442 26.309029 -0.31988189,
  15.399275 26.309029 -0.31988189,15.429057 26.301049 -0.31988189,
  15.455759 26.285632 -0.31988189,15.477561 26.26383 -0.31988189,
  15.492978 26.237128 -0.31988189,15.500958 26.207346 -0.31988189,
  15.500958 25.813645 -0.31988189,15.500958 25.782812 -0.31988189,
  15.492978 25.75303 -0.31988189,15.477561 25.726328 -0.31988189,
  15.455759 25.704525 -0.31988189,15.429057 25.689109 -0.31988189,
  15.399275 25.681129 -0.31988189,15.368442 25.681129 -0.31988189,
  15.338659 25.689109 -0.31988189,15.311957 25.704525 -0.31988189,
  15.290155 25.726328 -0.31988189,15.274739 25.75303 -0.31988189,
  15.266759 25.782812 -0.31988189,15.266759 25.813645 -0.31988189,
  15.274739 25.843427 -0.31988189,15.290155 25.870129 -0.31988189,
  15.311957 25.891931 -0.31988189,15.338659 25.907348 -0.31988189,
  15.368442 25.915328 -0.31988189,15.399275 25.915328 -0.31988189,
  15.429057 25.907348 -0.31988189,15.455759 25.891931 -0.31988189,
  15.477561 25.870129 -0.31988189,15.492978 25.843427 -0.31988189,
  21.180092 27.774938 -0.31988189,21.172112 27.745156 -0.31988189,
  21.156695 27.718454 -0.31988189,21.134893 27.696651 -0.31988189,
  21.108191 27.681235 -0.31988189,21.078409 27.673255 -0.31988189,
  21.047576 27.673255 -0.31988189,21.017793 27.681235 -0.31988189,
  20.991091 27.696651 -0.31988189,20.969289 27.718454 -0.31988189,
  20.953872 27.745156 -0.31988189,20.945893 27.774938 -0.31988189,
  20.945893 27.805771 -0.31988189,20.953872 27.835553 -0.31988189,
  20.969289 27.862255 -0.31988189,20.991091 27.884057 -0.31988189,
  21.017793 27.899474 -0.31988189,21.047576 27.907454 -0.31988189,
  21.078409 27.907454 -0.31988189,21.108191 27.899474 -0.31988189,
  21.134893 27.884057 -0.31988189,21.156695 27.862255 -0.31988189,
  21.172112 27.835553 -0.31988189,21.180092 27.805771 -0.31988189,
  21.180092 27.33333 -0.31988189,21.180092 27.302497 -0.31988189,
  21.172112 27.272715 -0.31988189,21.156695 27.246013 -0.31988189,
  21.134893 27.22421 -0.31988189,21.108191 27.208794 -0.31988189,
  21.078409 27.200814 -0.31988189,21.047576 27.200814 -0.31988189,
  21.017793 27.208794 -0.31988189,20.991091 27.22421 -0.31988189,
  20.969289 27.246013 -0.31988189,20.953872 27.272715 -0.31988189,
  20.945893 27.302497 -0.31988189,20.945893 27.33333 -0.31988189,
  20.953872 27.363112 -0.31988189,20.969289 27.389814 -0.31988189,
  20.991091 27.411617 -0.31988189,21.017793 27.427033 -0.31988189,
  21.047576 27.435013 -0.31988189,21.078409 27.435013 -0.31988189,
  21.108191 27.427033 -0.31988189,21.134893 27.411617 -0.31988189,
  21.156695 27.389814 -0.31988189,21.172112 27.363112 -0.31988189,
  21.180092 28.247379 -0.31988189,21.172112 28.217596 -0.31988189,
  21.156695 28.190894 -0.31988189,21.134893 28.169092 -0.31988189,
  21.108191 28.153676 -0.31988189,21.078409 28.145696 -0.31988189,
  21.047576 28.145696 -0.31988189,21.017793 28.153676 -0.31988189,
  20.991091 28.169092 -0.31988189,20.969289 28.190894 -0.31988189,
  20.953872 28.217596 -0.31988189,20.945893 28.247379 -0.31988189,
  20.945893 28.278212 -0.31988189,20.953872 28.307994 -0.31988189,
  20.969289 28.334696 -0.31988189,20.991091 28.356498 -0.31988189,
  21.017793 28.371915 -0.31988189,21.047576 28.379895 -0.31988189,
  21.078409 28.379895 -0.31988189,21.108191 28.371915 -0.31988189,
  21.134893 28.356498 -0.31988189,21.156695 28.334696 -0.31988189,
  21.172112 28.307994 -0.31988189,21.180092 28.278212 -0.31988189,
  21.180092 28.71982 -0.31988189,21.172112 28.690037 -0.31988189,
  21.156695 28.663335 -0.31988189,21.134893 28.641533 -0.31988189,
  21.108191 28.626117 -0.31988189,21.078409 28.618137 -0.31988189,
  21.047576 28.618137 -0.31988189,21.017793 28.626117 -0.31988189,
  20.991091 28.641533 -0.31988189,20.969289 28.663335 -0.31988189,
  20.953872 28.690037 -0.31988189,20.945893 28.71982 -0.31988189,
  20.945893 28.750653 -0.31988189,20.953872 28.780435 -0.31988189,
  20.969289 28.807137 -0.31988189,20.991091 28.828939 -0.31988189,
  21.017793 28.844356 -0.31988189,21.047576 28.852336 -0.31988189,
  21.078409 28.852336 -0.31988189,21.108191 28.844356 -0.31988189,
  21.134893 28.828939 -0.31988189,21.156695 28.807137 -0.31988189,
  21.172112 28.780435 -0.31988189,21.180092 28.750653 -0.31988189,
  1.9685039 43.543307 -0.31988189,1.882598 43.54237 -0.31988189,
  1.7114402 43.527396 -0.31988189,1.5422386 43.497561 -0.31988189,
  1.3762815 43.453093 -0.31988189,1.2148311 43.39433 -0.31988189,
  1.0591169 43.321719 -0.31988189,0.91032362 43.235813 -0.31988189,
  0.76958386 43.137266 -0.31988189,0.6379685 43.026828 -0.31988189,
  0.51647913 42.905339 -0.31988189,0.40604094 42.773723 -0.31988189,
  0.3074937 42.632983 -0.31988189,0.2215878 42.48419 -0.31988189,
  0.14897717 42.328476 -0.31988189,0.090214173 42.167026 -0.31988189,
  0.045746063 42.001069 -0.31988189,0.015911417 41.831867 -0.31988189,
  0.00093700787 41.660709 -0.31988189,0 41.574803 -0.31988189,
  0 28.750653 -0.31988189,0 28.278212 -0.31988189,
  0 27.805771 -0.31988189,0 27.33333 -0.31988189,
  0 26.207346 -0.31988189,0 25.813645 -0.31988189,
  0 1.9685039 -0.31988189,0.00093700787 1.882598 -0.31988189,
  0.015911417 1.7114402 -0.31988189,0.045746063 1.5422386 -0.31988189,
  0.090214173 1.3762815 -0.31988189,0.14897717 1.2148311 -0.31988189,
  0.2215878 1.0591169 -0.31988189,0.3074937 0.91032362 -0.31988189,
  0.40604094 0.76958386 -0.31988189,0.51647913 0.6379685 -0.31988189,
  0.6379685 0.51647913 -0.31988189,0.76958386 0.40604094 -0.31988189,
  0.91032362 0.3074937 -0.31988189,1.0591169 0.2215878 -0.31988189,
  1.2148311 0.14897717 -0.31988189,1.3762815 0.090214173 -0.31988189,
  1.5422386 0.045746063 -0.31988189,1.7114402 0.015911417 -0.31988189,
  1.882598 0.00093700787 -0.31988189,1.9685039 0 -0.31988189,
  48.425197 0 -0.31988189,48.511103 0.00093700787 -0.31988189,
  48.682261 0.015911417 -0.31988189,48.851462 0.045746063 -0.31988189,
  49.017419 0.090214173 -0.31988189,49.17887 0.14897717 -0.31988189,
  49.334584 0.2215878 -0.31988189,49.483377 0.3074937 -0.31988189,
  49.624117 0.40604094 -0.31988189,49.755732 0.51647913 -0.31988189,
  49.877222 0.6379685 -0.31988189,49.98766 0.76958386 -0.31988189,
  50.086207 0.91032362 -0.31988189,50.172113 1.0591169 -0.31988189,
  50.244724 1.2148311 -0.31988189,50.303487 1.3762815 -0.31988189,
  50.347955 1.5422386 -0.31988189,50.377789 1.7114402 -0.31988189,
  50.392764 1.882598 -0.31988189,50.393701 1.9685039 -0.31988189,
  50.393701 41.574803 -0.31988189,50.392764 41.660709 -0.31988189,
  50.377789 41.831867 -0.31988189,50.347955 42.001069 -0.31988189,
  50.303487 42.167026 -0.31988189,50.244724 42.328476 -0.31988189,
  50.172113 42.48419 -0.31988189,50.086207 42.632983 -0.31988189,
  49.98766 42.773723 -0.31988189,49.877222 42.905339 -0.31988189,
  49.755732 43.026828 -0.31988189,49.624117 43.137266 -0.31988189,
  49.483377 43.235813 -0.31988189,49.334584 43.321719 -0.31988189,
  49.17887 43.39433 -0.31988189,49.017419 43.453093 -0.31988189,
  48.851462 43.497561 -0.31988189,48.682261 43.527396 -0.31988189,
  48.511103 43.54237 -0.31988189,48.425197 43.543307 -0.31988189] }
 coordIndex [
  35,34,144,-1,35,144,36,-1,36,144,12,-1,36,12,37,-1,37,12,11,-1,37,11,38,-1,38,11,10,-1,38,10,39,-1,
  39,10,9,-1,39,9,40,-1,40,9,8,-1,40,8,41,-1,41,8,7,-1,41,7,42,-1,42,7,6,-1,42,6,43,-1,
  43,6,5,-1,43,5,44,-1,44,5,4,-1,44,4,45,-1,45,4,3,-1,45,3,46,-1,46,3,2,-1,46,2,47,-1,
  47,2,1,-1,47,1,24,-1,24,1,0,-1,24,0,190,-1,190,0,23,-1,190,23,81,-1,81,23,82,-1,83,82,23,-1,
  83,23,84,-1,84,23,132,-1,84,132,85,-1,85,132,59,-1,85,59,86,-1,86,59,58,-1,86,58,87,-1,87,58,57,-1,
  87,57,88,-1,88,57,56,-1,88,56,89,-1,89,56,55,-1,89,55,90,-1,90,55,54,-1,90,54,91,-1,91,54,53,-1,
  91,53,92,-1,92,53,52,-1,92,52,93,-1,93,52,51,-1,93,51,94,-1,94,51,50,-1,94,50,95,-1,95,50,49,-1,
  95,49,72,-1,72,49,48,-1,72,48,190,-1,190,48,71,-1,190,71,96,-1,96,71,97,-1,97,71,70,-1,97,70,98,-1,
  98,70,69,-1,98,69,99,-1,99,69,68,-1,99,68,100,-1,100,68,67,-1,100,67,101,-1,101,67,66,-1,101,66,102,-1,
  102,66,65,-1,102,65,103,-1,103,65,64,-1,103,64,104,-1,104,64,63,-1,104,63,105,-1,105,63,62,-1,105,62,106,-1,
  106,62,61,-1,106,61,107,-1,107,61,60,-1,107,60,132,-1,132,60,59,-1,142,141,229,-1,142,229,143,-1,143,229,190,-1,
  143,190,120,-1,120,190,119,-1,120,119,121,-1,121,119,118,-1,121,118,122,-1,122,118,117,-1,122,117,123,-1,123,117,116,-1,
  123,116,124,-1,124,116,115,-1,124,115,125,-1,125,115,114,-1,125,114,126,-1,126,114,113,-1,126,113,127,-1,127,113,112,-1,
  127,112,128,-1,128,112,111,-1,128,111,129,-1,129,111,110,-1,129,110,130,-1,130,110,109,-1,130,109,131,-1,131,109,108,-1,
  131,108,132,-1,132,108,107,-1,191,229,228,-1,191,228,192,-1,192,228,227,-1,192,227,193,-1,193,227,226,-1,193,226,194,-1,
  194,226,225,-1,194,225,195,-1,195,225,224,-1,195,224,196,-1,196,224,223,-1,196,223,197,-1,197,223,222,-1,197,222,198,-1,
  198,222,221,-1,198,221,199,-1,199,221,220,-1,199,220,200,-1,200,220,219,-1,200,219,201,-1,201,219,218,-1,201,218,202,-1,
  202,218,217,-1,202,217,203,-1,203,217,216,-1,203,216,204,-1,204,216,215,-1,204,215,205,-1,205,215,214,-1,205,214,206,-1,
  206,214,213,-1,206,213,207,-1,207,213,212,-1,207,212,208,-1,208,212,211,-1,208,211,209,-1,209,211,210,-1,144,229,16,-1,
  16,229,17,-1,17,229,18,-1,18,229,19,-1,19,229,20,-1,20,229,21,-1,21,229,22,-1,22,229,23,-1,23,229,136,-1,
  136,229,137,-1,137,229,138,-1,138,229,139,-1,139,229,140,-1,140,229,141,-1,132,23,133,-1,133,23,134,-1,134,23,135,-1,
  135,23,136,-1,12,144,13,-1,13,144,14,-1,14,144,15,-1,15,144,16,-1,72,190,73,-1,73,190,74,-1,74,190,75,-1,
  75,190,76,-1,76,190,77,-1,77,190,78,-1,78,190,79,-1,79,190,80,-1,80,190,81,-1,24,190,25,-1,25,190,26,-1,
  26,190,27,-1,27,190,28,-1,28,190,29,-1,29,190,30,-1,30,190,31,-1,31,190,32,-1,32,190,33,-1,33,190,189,-1,
  33,189,34,-1,34,189,144,-1,144,189,145,-1,145,189,188,-1,171,163,162,-1,171,162,172,-1,172,162,161,-1,172,161,173,-1,
  173,161,160,-1,173,160,174,-1,174,160,159,-1,174,159,175,-1,175,159,158,-1,175,158,176,-1,176,158,157,-1,176,157,177,-1,
  177,157,156,-1,177,156,178,-1,178,156,155,-1,178,155,179,-1,179,155,154,-1,179,154,180,-1,180,154,153,-1,180,153,181,-1,
  181,153,152,-1,181,152,182,-1,182,152,151,-1,182,151,183,-1,183,151,150,-1,183,150,184,-1,184,150,149,-1,184,149,185,-1,
  185,149,148,-1,185,148,186,-1,186,148,147,-1,186,147,187,-1,187,147,146,-1,187,146,188,-1,188,146,145,-1,163,171,164,-1,
  164,171,165,-1,165,171,166,-1,166,171,167,-1,167,171,168,-1,168,171,169,-1,169,171,170,-1,190,96,119,-1,190,229,191,-1]
  normalPerVertex TRUE
  normal DEF NORM_6 Normal { vector [
  0 0 -1,0 0 -1,
  0 0 -1,0 0 -1,
  0 0 -1,0 0 -1,
  0 0 -1,0 0 -1,
  0 0 -1,0 0 -1,
  0 0 -1,0 0 -1,
  0 0 -1,0 0 -1,
  0 0 -1,0 0 -1,
  0 0 -1,0 0 -1,
  0 0 -1,0 0 -1,
  0 0 -1,0 0 -1,
  0 0 -1,0 0 -1,
  0 0 -1,0 0 -1,
  0 0 -1,0 0 -1,
  0 0 -1,0 0 -1,
  0 0 -1,0 0 -1,
  0 0 -1,0 0 -1,
  0 0 -1,0 0 -1,
  0 0 -1,0 0 -1,
  0 0 -1,0 0 -1,
  0 0 -1,0 0 -1,
  0 0 -1,0 0 -1,
  0 0 -1,0 0 -1,
  0 0 -1,0 0 -1,
  0 0 -1,0 0 -1,
  0 0 -1,0 0 -1,
  0 0 -1,0 0 -1,
  0 0 -1,0 0 -1,
  0 0 -1,0 0 -1,
  0 0 -1,0 0 -1,
  0 0 -1,0 0 -1,
  0 0 -1,0 0 -1,
  0 0 -1,0 0 -1,
  0 0 -1,0 0 -1,
  0 0 -1,0 0 -1,
  0 0 -1,0 0 -1,
  0 0 -1,0 0 -1,
  0 0 -1,0 0 -1,
  0 0 -1,0 0 -1,
  0 0 -1,0 0 -1,
  0 0 -1,0 0 -1,
  0 0 -1,0 0 -1,
  0 0 -1,0 0 -1,
  0 0 -1,0 0 -1,
  0 0 -1,0 0 -1,
  0 0 -1,0 0 -1,
  0 0 -1,0 0 -1,
  0 0 -1,0 0 -1,
  0 0 -1,0 0 -1,
  0 0 -1,0 0 -1,
  0 0 -1,0 0 -1,
  0 0 -1,0 0 -1,
  0 0 -1,0 0 -1,
  0 0 -1,0 0 -1,
  0 0 -1,0 0 -1,
  0 0 -1,0 0 -1,
  0 0 -1,0 0 -1,
  0 0 -1,0 0 -1,
  0 0 -1,0 0 -1,
  0 0 -1,0 0 -1,
  0 0 -1,0 0 -1,
  0 0 -1,0 0 -1,
  0 0 -1,0 0 -1,
  0 0 -1,0 0 -1,
  0 0 -1,0 0 -1,
  0 0 -1,0 0 -1,
  0 0 -1,0 0 -1,
  0 0 -1,0 0 -1,
  0 0 -1,0 0 -1,
  0 0 -1,0 0 -1,
  0 0 -1,0 0 -1,
  0 0 -1,0 0 -1,
  0 0 -1,0 0 -1,
  0 0 -1,0 0 -1,
  0 0 -1,0 0 -1,
  0 0 -1,0 0 -1,
  0 0 -1,0 0 -1,
  0 0 -1,0 0 -1,
  0 0 -1,0 0 -1,
  0 0 -1,0 0 -1,
  0 0 -1,0 0 -1,
  0 0 -1,0 0 -1,
  0 0 -1,0 0 -1,
  0 0 -1,0 0 -1,
  0 0 -1,0 0 -1,
  0 0 -1,0 0 -1,
  0 0 -1,0 0 -1,
  0 0 -1,0 0 -1,
  0 0 -1,0 0 -1,
  0 0 -1,0 0 -1,
  0 0 -1,0 0 -1,
  0 0 -1,0 0 -1,
  0 0 -1,0 0 -1,
  0 0 -1,0 0 -1,
  0 0 -1,0 0 -1,
  0 0 -1,0 0 -1,
  0 0 -1,0 0 -1,
  0 0 -1,0 0 -1,
  0 0 -1,0 0 -1,
  0 0 -1,0 0 -1,
  0 0 -1,0 0 -1,
  0 0 -1,0 0 -1,
  0 0 -1,0 0 -1,
  0 0 -1,0 0 -1,
  0 0 -1,0 0 -1,
  0 0 -1,0 0 -1,
  0 0 -1,0 0 -1,
  0 0 -1,0 0 -1,
  0 0 -1,0 0 -1,
  0 0 -1,0 0 -1,
  0 0 -1,0 0 -1,
  0 0 -1,0 0 -1,
  0 0 -1,0 0 -1,
  0 0 -1,0 0 -1,
  0 0 -1,0 0 -1] }
}
}
] }
DEF TXFM_7 Transform {
  center 0 0 0
  rotation 0 0 1 0
  scale 1 1 1
  scaleOrientation 0 0 1 0
  translation 0 0 0
 children [
DEF SHAPE_7 Shape {
 appearance DEF APP_5 Appearance {
  material Material {
   ambientIntensity 0.72857141
   diffuseColor 0.96078432 0.96078432 0.96078432
   emissiveColor 0 0 0
   shininess 0.02
   specularColor 0.96470588 0.96470588 0.96470588
   transparency 0
} }
 geometry DEF FACE_7 IndexedFaceSet {
  coord DEF COORD_7 Coordinate { point [
  15.314204 25.632681 0.34448819,15.308326 25.646873 0.34448819,
  15.297463 25.657735 0.34448819,15.283271 25.663614 0.34448819,
  15.26791 25.663614 0.34448819,15.253718 25.657735 0.34448819,
  15.242856 25.646873 0.34448819,15.236977 25.632681 0.34448819,
  15.23622 25.625 0.34448819,15.23622 25.113189 0.34448819,
  15.236977 25.105508 0.34448819,15.242856 25.091316 0.34448819,
  15.253718 25.080454 0.34448819,15.26791 25.074575 0.34448819,
  15.275591 25.073819 0.34448819,21.181102 25.073819 0.34448819,
  21.188783 25.074575 0.34448819,21.202975 25.080454 0.34448819,
  21.213837 25.091316 0.34448819,21.219716 25.105508 0.34448819,
  21.220472 25.113189 0.34448819,21.220472 27.121063 0.34448819,
  21.219716 27.128744 0.34448819,21.213837 27.142936 0.34448819,
  21.202975 27.153798 0.34448819,21.188783 27.159677 0.34448819,
  21.173422 27.159677 0.34448819,21.15923 27.153798 0.34448819,
  21.148367 27.142936 0.34448819,21.142489 27.128744 0.34448819,
  21.141732 27.121063 0.34448819,21.141732 25.152559 0.34448819,
  15.314961 25.152559 0.34448819,15.314961 25.625 0.34448819,
  20.983496 28.900397 0.34448819,20.977617 28.914589 0.34448819,
  20.966755 28.925452 0.34448819,20.952563 28.93133 0.34448819,
  20.944882 28.932087 0.34448819,15.275591 28.932087 0.34448819,
  15.26791 28.93133 0.34448819,15.253718 28.925452 0.34448819,
  15.242856 28.914589 0.34448819,15.236977 28.900397 0.34448819,
  15.23622 28.892717 0.34448819,15.23622 26.373031 0.34448819,
  15.236977 26.365351 0.34448819,15.242856 26.351159 0.34448819,
  15.253718 26.340296 0.34448819,15.26791 26.334418 0.34448819,
  15.283271 26.334418 0.34448819,15.297463 26.340296 0.34448819,
  15.308326 26.351159 0.34448819,15.314204 26.365351 0.34448819,
  15.314961 26.373031 0.34448819,15.314961 28.853346 0.34448819,
  20.944882 28.853346 0.34448819,20.952563 28.854103 0.34448819,
  20.966755 28.859981 0.34448819,20.977617 28.870844 0.34448819,
  20.983496 28.885036 0.34448819] }
 coordIndex [
  32,33,0,-1,32,0,1,-1,32,1,2,-1,32,2,3,-1,32,3,14,-1,32,14,15,-1,32,15,31,-1,15,16,25,-1,
  25,16,17,-1,25,17,24,-1,24,17,18,-1,24,18,23,-1,23,18,19,-1,23,19,22,-1,22,19,20,-1,22,20,21,-1,
  15,25,26,-1,15,26,27,-1,15,27,28,-1,15,28,29,-1,15,29,30,-1,15,30,31,-1,8,10,7,-1,7,10,11,-1,
  7,11,6,-1,6,11,12,-1,6,12,5,-1,5,12,13,-1,5,13,4,-1,4,13,14,-1,4,14,3,-1,55,56,38,-1,
  38,56,57,-1,38,57,37,-1,37,57,58,-1,37,58,36,-1,36,58,59,-1,36,59,35,-1,35,59,60,-1,35,60,34,-1,
  55,38,39,-1,55,39,50,-1,55,50,51,-1,55,51,52,-1,55,52,53,-1,55,53,54,-1,44,46,43,-1,43,46,47,-1,
  43,47,42,-1,42,47,48,-1,42,48,41,-1,41,48,49,-1,41,49,40,-1,40,49,50,-1,40,50,39,-1,46,44,45,-1,
  10,8,9,-1]
  normalPerVertex TRUE
  normal DEF NORM_7 Normal { vector [
  0 0 1,0 0 1,
  0 0 1,0 0 1,
  0 0 1,0 0 1,
  0 0 1,0 0 1,
  0 0 1,0 0 1,
  0 0 1,0 0 1,
  0 0 1,0 0 1,
  0 0 1,0 0 1,
  0 0 1,0 0 1,
  0 0 1,0 0 1,
  0 0 1,0 0 1,
  0 0 1,0 0 1,
  0 0 1,0 0 1,
  0 0 1,0 0 1,
  0 0 1,0 0 1,
  0 0 1,0 0 1,
  0 0 1,0 0 1,
  0 0 1,0 0 1,
  0 0 1,0 0 1,
  0 0 1,0 0 1,
  0 0 1,0 0 1,
  0 0 1,0 0 1,
  0 0 1,0 0 1,
  0 0 1,0 0 1,
  0 0 1,0 0 1,
  0 0 1,0 0 1,
  0 0 1,0 0 1,
  0 0 1,0 0 1,
  0 0 1,0 0 1,
  0 0 1,0 0 1,
  0 0 1] }
}
}
] }
DEF TXFM_8 Transform {
  center 0 0 0
  rotation 0 0 1 0
  scale 1 1 1
  scaleOrientation 0 0 1 0
  translation 0 0 0
 children [
DEF SHAPE_8 Shape {
 appearance DEF APP_6 Appearance {
  material Material {
   ambientIntensity 0.72857141
   diffuseColor 0.96078432 0.96078432 0.96078432
   emissiveColor 0 0 0
   shininess 0.02
   specularColor 0.96470588 0.96470588 0.96470588
   transparency 0
} }
 geometry DEF FACE_8 IndexedFaceSet {
  coord DEF COORD_8 Coordinate { point [
  15.314204 25.632681 -0.34448819,15.308326 25.646873 -0.34448819,
  15.297463 25.657735 -0.34448819,15.283271 25.663614 -0.34448819,
  15.26791 25.663614 -0.34448819,15.253718 25.657735 -0.34448819,
  15.242856 25.646873 -0.34448819,15.236977 25.632681 -0.34448819,
  15.23622 25.625 -0.34448819,15.23622 25.113189 -0.34448819,
  15.236977 25.105508 -0.34448819,15.242856 25.091316 -0.34448819,
  15.253718 25.080454 -0.34448819,15.26791 25.074575 -0.34448819,
  15.275591 25.073819 -0.34448819,21.181102 25.073819 -0.34448819,
  21.188783 25.074575 -0.34448819,21.202975 25.080454 -0.34448819,
  21.213837 25.091316 -0.34448819,21.219716 25.105508 -0.34448819,
  21.220472 25.113189 -0.34448819,21.220472 27.121063 -0.34448819,
  21.219716 27.128744 -0.34448819,21.213837 27.142936 -0.34448819,
  21.202975 27.153798 -0.34448819,21.188783 27.159677 -0.34448819,
  21.173422 27.159677 -0.34448819,21.15923 27.153798 -0.34448819,
  21.148367 27.142936 -0.34448819,21.142489 27.128744 -0.34448819,
  21.141732 27.121063 -0.34448819,21.141732 25.152559 -0.34448819,
  15.314961 25.152559 -0.34448819,15.314961 25.625 -0.34448819,
  20.983496 28.900397 -0.34448819,20.977617 28.914589 -0.34448819,
  20.966755 28.925452 -0.34448819,20.952563 28.93133 -0.34448819,
  20.944882 28.932087 -0.34448819,15.275591 28.932087 -0.34448819,
  15.26791 28.93133 -0.34448819,15.253718 28.925452 -0.34448819,
  15.242856 28.914589 -0.34448819,15.236977 28.900397 -0.34448819,
  15.23622 28.892717 -0.34448819,15.23622 26.373031 -0.34448819,
  15.236977 26.365351 -0.34448819,15.242856 26.351159 -0.34448819,
  15.253718 26.340296 -0.34448819,15.26791 26.334418 -0.34448819,
  15.283271 26.334418 -0.34448819,15.297463 26.340296 -0.34448819,
  15.308326 26.351159 -0.34448819,15.314204 26.365351 -0.34448819,
  15.314961 26.373031 -0.34448819,15.314961 28.853346 -0.34448819,
  20.944882 28.853346 -0.34448819,20.952563 28.854103 -0.34448819,
  20.966755 28.859981 -0.34448819,20.977617 28.870844 -0.34448819,
  20.983496 28.885036 -0.34448819] }
 coordIndex [
  33,32,0,-1,0,32,1,-1,1,32,2,-1,2,32,3,-1,3,32,14,-1,14,32,15,-1,15,32,31,-1,16,15,25,-1,
  16,25,17,-1,17,25,24,-1,17,24,18,-1,18,24,23,-1,18,23,19,-1,19,23,22,-1,19,22,20,-1,20,22,21,-1,
  25,15,26,-1,26,15,27,-1,27,15,28,-1,28,15,29,-1,29,15,30,-1,30,15,31,-1,10,8,7,-1,10,7,11,-1,
  11,7,6,-1,11,6,12,-1,12,6,5,-1,12,5,13,-1,13,5,4,-1,13,4,14,-1,14,4,3,-1,56,55,38,-1,
  56,38,57,-1,57,38,37,-1,57,37,58,-1,58,37,36,-1,58,36,59,-1,59,36,35,-1,59,35,60,-1,60,35,34,-1,
  38,55,39,-1,39,55,50,-1,50,55,51,-1,51,55,52,-1,52,55,53,-1,53,55,54,-1,46,44,43,-1,46,43,47,-1,
  47,43,42,-1,47,42,48,-1,48,42,41,-1,48,41,49,-1,49,41,40,-1,49,40,50,-1,50,40,39,-1,44,46,45,-1,
  8,10,9,-1]
  normalPerVertex TRUE
  normal DEF NORM_8 Normal { vector [
  0 0 -1,0 0 -1,
  0 0 -1,0 0 -1,
  0 0 -1,0 0 -1,
  0 0 -1,0 0 -1,
  0 0 -1,0 0 -1,
  0 0 -1,0 0 -1,
  0 0 -1,0 0 -1,
  0 0 -1,0 0 -1,
  0 0 -1,0 0 -1,
  0 0 -1,0 0 -1,
  0 0 -1,0 0 -1,
  0 0 -1,0 0 -1,
  0 0 -1,0 0 -1,
  0 0 -1,0 0 -1,
  0 0 -1,0 0 -1,
  0 0 -1,0 0 -1,
  0 0 -1,0 0 -1,
  0 0 -1,0 0 -1,
  0 0 -1,0 0 -1,
  0 0 -1,0 0 -1,
  0 0 -1,0 0 -1,
  0 0 -1,0 0 -1,
  0 0 -1,0 0 -1,
  0 0 -1,0 0 -1,
  0 0 -1,0 0 -1,
  0 0 -1,0 0 -1,
  0 0 -1,0 0 -1,
  0 0 -1,0 0 -1,
  0 0 -1,0 0 -1,
  0 0 -1,0 0 -1,
  0 0 -1] }
}
}
] }
] }
